route,csr_edge_index,pre_body_id,post_body_id,contacts
ORN_VA2->VA2_adPN,4002633,18147,10390,117
ORN_VA2->VA2_adPN,4002637,18147,10561,82
ORN_VA2->VA2_adPN,12874753,75421,10390,119
ORN_VA2->VA2_adPN,12874758,75421,10561,106
ORN_VA2->VA2_adPN,16524181,120627,10390,104
ORN_VA2->VA2_adPN,16524185,120627,10561,92
ORN_VA2->VA2_adPN,17364684,135957,10390,111
ORN_VA2->VA2_adPN,17364689,135957,10561,80
ORN_VA2->VA2_adPN,17452049,137788,10390,106
ORN_VA2->VA2_adPN,17452054,137788,10561,75
ORN_VA2->VA2_adPN,17482706,138423,10390,71
ORN_VA2->VA2_adPN,17482711,138423,10561,105
ORN_VA2->VA2_adPN,17613791,141308,10390,105
ORN_VA2->VA2_adPN,17613797,141308,10561,74
ORN_VA2->VA2_adPN,17628895,141661,10390,89
ORN_VA2->VA2_adPN,17628899,141661,10561,113
ORN_VA2->VA2_adPN,17684576,142962,10390,97
ORN_VA2->VA2_adPN,17684581,142962,10561,91
ORN_VA2->VA2_adPN,17780619,145253,10390,128
ORN_VA2->VA2_adPN,17780625,145253,10561,92
ORN_VA2->VA2_adPN,17805392,145847,10390,102
ORN_VA2->VA2_adPN,17901532,148445,10390,82
ORN_VA2->VA2_adPN,17901537,148445,10561,107
ORN_VA2->VA2_adPN,18081602,153849,10390,93
ORN_VA2->VA2_adPN,18081607,153849,10561,94
ORN_VA2->VA2_adPN,18097960,154416,10390,105
ORN_VA2->VA2_adPN,18097966,154416,10561,95
ORN_VA2->VA2_adPN,18147886,156151,10390,113
ORN_VA2->VA2_adPN,18147890,156151,10561,72
ORN_VA2->VA2_adPN,18213171,158617,10390,60
ORN_VA2->VA2_adPN,18213177,158617,10561,89
ORN_VA2->VA2_adPN,18214113,158649,10390,154
ORN_VA2->VA2_adPN,18214117,158649,10561,69
ORN_VA2->VA2_adPN,18236559,159524,10390,112
ORN_VA2->VA2_adPN,18236565,159524,10561,98
ORN_VA2->VA2_adPN,18314697,162635,10390,115
ORN_VA2->VA2_adPN,18314704,162635,10561,87
ORN_VA2->VA2_adPN,18338096,163657,10390,87
ORN_VA2->VA2_adPN,18338100,163657,10561,73
ORN_VA2->VA2_adPN,18352225,164269,10390,103
ORN_VA2->VA2_adPN,18352229,164269,10561,69
ORN_VA2->VA2_adPN,18354386,164384,10390,104
ORN_VA2->VA2_adPN,18354392,164384,10561,72
ORN_VA2->VA2_adPN,18376407,165341,10390,108
ORN_VA2->VA2_adPN,18376411,165341,10561,90
ORN_VA2->VA2_adPN,18456704,169187,10390,106
ORN_VA2->VA2_adPN,18456709,169187,10561,79
ORN_VA2->VA2_adPN,18461519,169422,10390,109
ORN_VA2->VA2_adPN,18461524,169422,10561,87
ORN_VA2->VA2_adPN,18478993,170322,10390,132
ORN_VA2->VA2_adPN,18478998,170322,10561,83
ORN_VA2->VA2_adPN,18487830,170735,10390,129
ORN_VA2->VA2_adPN,18487835,170735,10561,63
ORN_VA2->VA2_adPN,18491075,170950,10390,67
ORN_VA2->VA2_adPN,18491080,170950,10561,112
ORN_VA2->VA2_adPN,18542283,173912,10390,111
ORN_VA2->VA2_adPN,18542289,173912,10561,50
ORN_VA2->VA2_adPN,18549039,174237,10390,106
ORN_VA2->VA2_adPN,18549044,174237,10561,80
ORN_VA2->VA2_adPN,18621552,178532,10390,79
ORN_VA2->VA2_adPN,18621558,178532,10561,71
ORN_VA2->VA2_adPN,18640987,179786,10390,149
ORN_VA2->VA2_adPN,18640993,179786,10561,76
ORN_VA2->VA2_adPN,18651070,180465,10390,120
ORN_VA2->VA2_adPN,18651075,180465,10561,94
ORN_VA2->VA2_adPN,18655258,180771,10561,84
ORN_VA2->VA2_adPN,18700268,183973,10561,82
ORN_VA2->VA2_adPN,18707137,184468,10390,80
ORN_VA2->VA2_adPN,18707141,184468,10561,49
ORN_VA2->VA2_adPN,18710954,184729,10390,134
ORN_VA2->VA2_adPN,18710960,184729,10561,55
ORN_VA2->VA2_adPN,18729349,186029,10390,66
ORN_VA2->VA2_adPN,18731604,186200,10390,130
ORN_VA2->VA2_adPN,18731610,186200,10561,78
ORN_VA2->VA2_adPN,18752808,188007,10390,67
ORN_VA2->VA2_adPN,18752813,188007,10561,80
ORN_VA2->VA2_adPN,18771731,189355,10390,47
ORN_VA2->VA2_adPN,18792330,190954,10390,134
ORN_VA2->VA2_adPN,18792333,190954,10561,76
ORN_VA2->VA2_adPN,18813024,192555,10390,167
ORN_VA2->VA2_adPN,18813030,192555,10561,83
ORN_VA2->VA2_adPN,18839636,194874,10390,57
ORN_VA2->VA2_adPN,18839642,194874,10561,104
ORN_VA2->VA2_adPN,18876089,198139,10390,89
ORN_VA2->VA2_adPN,18876093,198139,10561,90
ORN_VA2->VA2_adPN,18890316,199488,10390,67
ORN_VA2->VA2_adPN,18890320,199488,10561,51
ORN_VA2->VA2_adPN,18918836,202321,10390,67
ORN_VA2->VA2_adPN,18918842,202321,10561,69
ORN_VA2->VA2_adPN,18940476,204881,10390,57
ORN_VA2->VA2_adPN,18951347,205907,10390,73
ORN_VA2->VA2_adPN,18951353,205907,10561,130
ORN_VA2->VA2_adPN,18987985,210853,10390,89
ORN_VA2->VA2_adPN,18987990,210853,10561,84
ORN_VA2->VA2_adPN,19001606,212914,10390,135
ORN_VA2->VA2_adPN,19001610,212914,10561,117
ORN_VA2->VA2_adPN,19013273,214857,10390,107
ORN_VA2->VA2_adPN,19013279,214857,10561,60
ORN_VA2->VA2_adPN,19013550,214895,10390,103
ORN_VA2->VA2_adPN,19076096,226401,10390,92
ORN_VA2->VA2_adPN,19104372,235199,10390,90
ORN_VA2->VA2_adPN,19138743,250249,10390,42
ORN_VA2->VA2_adPN,19146640,255283,10390,77
ORN_VA2->VA2_adPN,19146646,255283,10561,97
ORN_VA2->VA2_adPN,19147171,255865,10390,92
ORN_VA2->VA2_adPN,19147176,255865,10561,103
ORN_VA2->VA2_adPN,19179611,276359,10390,187
ORN_VA2->VA2_adPN,19179616,276359,10561,97
ORN_VA2->VA2_adPN,19217787,301799,10390,75
ORN_VA2->VA2_adPN,19217791,301799,10561,51
ORN_VA2->VA2_adPN,19225009,308608,10390,72
ORN_VA2->VA2_adPN,19225013,308608,10561,20
ORN_VA2->VA2_adPN,19258156,369074,10390,61
ORN_VA2->VA2_adPN,19258161,369074,10561,105
ORN_VA2->VA2_adPN,19274837,414342,10390,90
ORN_VA2->VA2_adPN,19274841,414342,10561,55
ORN_VA2->VA2_adPN,20461338,521420,10390,86
ORN_VA2->VA2_adPN,20461342,521420,10561,88
ORN_VA2->VA2_adPN,21880274,544744,10390,111
ORN_VA2->VA2_adPN,21880279,544744,10561,70
ORN_VA2->VA2_adPN,22060731,551689,10390,109
ORN_VA2->VA2_adPN,22060735,551689,10561,74
ORN_VA2->VA2_adPN,22134940,555881,10390,129
ORN_VA2->VA2_adPN,22134946,555881,10561,84
ORN_VA2->VA2_adPN,22232029,561669,10390,114
ORN_VA2->VA2_adPN,22232036,561669,10561,109
ORN_VA2->VA2_adPN,22273391,569249,10390,53
ORN_VA2->VA2_adPN,22273397,569249,10561,77
ORN_VA2->VA2_adPN,22277328,569993,10390,52
ORN_VA2->VA2_adPN,22277335,569993,10561,98
ORN_VA2->VA2_adPN,22277433,569995,10390,13
ORN_VA2->VA2_adPN,22277438,569995,10561,117
ORN_VA2->VA2_adPN,25393413,921954,10390,66
ORN_VA2->VA2_adPN,25402919,925375,10390,83
ORN_VA2->VA2_adPN,25402924,925375,10561,103
ORN_VA2->VA2_adPN,25403046,925376,10390,53
ORN_VA2->VA2_adPN,25403051,925376,10561,101
ORN_VA2->VA2_adPN,25404281,925694,10561,32
ORN_VA2->VA2_adPN,25493027,956071,10390,91
ORN_VA2->VA2_adPN,25493031,956071,10561,97
ORN_VA2->VA2_adPN,25507604,237355379,10561,114
ORN_VA2->VA2_adPN,25510193,282395216,10561,36
ORN_VA2->VA2_adPN,25521040,442779736,10390,64
ORN_VA2->VA2_adPN,25521045,442779736,10561,65
ORN_VA2->VA2_adPN,25530275,616971586,10561,20
ORN_VA2->VA2_adPN,25533888,676893250,10390,40
ORN_VA2->VA2_adPN,25534047,683472058,10561,18
ORN_VA2->VA2_adPN,25547910,907638584,10390,62
ORN_VA2->VA2_adPN,25547914,907638584,10561,83
ORN_DA2->DA2_lPN,18524880,172880,18416,9
ORN_DA2->DA2_lPN,18524882,172880,18776,10
ORN_DA2->DA2_lPN,18524884,172880,19339,14
ORN_DA2->DA2_lPN,18524885,172880,20105,10
ORN_DA2->DA2_lPN,18524886,172880,20311,7
ORN_DA2->DA2_lPN,18524889,172880,20995,10
ORN_DA2->DA2_lPN,18524890,172880,21876,22
ORN_DA2->DA2_lPN,18524891,172880,23958,20
ORN_DA2->DA2_lPN,18524894,172880,26423,11
ORN_DA2->DA2_lPN,18524899,172880,34301,14
ORN_DA2->DA2_lPN,18563282,174893,18416,20
ORN_DA2->DA2_lPN,18563284,174893,18776,21
ORN_DA2->DA2_lPN,18563286,174893,19339,11
ORN_DA2->DA2_lPN,18563288,174893,20105,3
ORN_DA2->DA2_lPN,18563289,174893,20311,11
ORN_DA2->DA2_lPN,18563292,174893,20995,4
ORN_DA2->DA2_lPN,18563293,174893,21876,10
ORN_DA2->DA2_lPN,18563296,174893,23958,9
ORN_DA2->DA2_lPN,18563299,174893,26423,7
ORN_DA2->DA2_lPN,18563304,174893,34301,13
ORN_DA2->DA2_lPN,18932210,203780,18416,16
ORN_DA2->DA2_lPN,18932212,203780,18776,24
ORN_DA2->DA2_lPN,18932215,203780,19339,7
ORN_DA2->DA2_lPN,18932216,203780,20105,6
ORN_DA2->DA2_lPN,18932217,203780,20311,24
ORN_DA2->DA2_lPN,18932221,203780,20995,18
ORN_DA2->DA2_lPN,18932222,203780,21876,12
ORN_DA2->DA2_lPN,18932225,203780,23958,21
ORN_DA2->DA2_lPN,18932227,203780,26423,11
ORN_DA2->DA2_lPN,18932231,203780,34301,12
ORN_DA2->DA2_lPN,18979984,209821,18416,13
ORN_DA2->DA2_lPN,18979986,209821,18776,12
ORN_DA2->DA2_lPN,18979988,209821,19339,13
ORN_DA2->DA2_lPN,18979989,209821,20105,20
ORN_DA2->DA2_lPN,18979990,209821,20311,24
ORN_DA2->DA2_lPN,18979994,209821,20995,17
ORN_DA2->DA2_lPN,18979995,209821,21876,10
ORN_DA2->DA2_lPN,18979997,209821,23958,12
ORN_DA2->DA2_lPN,18979999,209821,26423,11
ORN_DA2->DA2_lPN,18980003,209821,34301,18
ORN_DA2->DA2_lPN,19022497,215972,18416,41
ORN_DA2->DA2_lPN,19022499,215972,18776,7
ORN_DA2->DA2_lPN,19022501,215972,19339,11
ORN_DA2->DA2_lPN,19022502,215972,20105,8
ORN_DA2->DA2_lPN,19022503,215972,20311,25
ORN_DA2->DA2_lPN,19022507,215972,20995,10
ORN_DA2->DA2_lPN,19022508,215972,21876,36
ORN_DA2->DA2_lPN,19022510,215972,23958,12
ORN_DA2->DA2_lPN,19022513,215972,26423,6
ORN_DA2->DA2_lPN,19022519,215972,34301,17
ORN_DA2->DA2_lPN,19033606,218171,18776,27
ORN_DA2->DA2_lPN,19033607,218171,19339,21
ORN_DA2->DA2_lPN,19033608,218171,20105,12
ORN_DA2->DA2_lPN,19033612,218171,20995,10
ORN_DA2->DA2_lPN,19033614,218171,26423,20
ORN_DA2->DA2_lPN,19036691,218595,18416,3
ORN_DA2->DA2_lPN,19036693,218595,20311,43
ORN_DA2->DA2_lPN,19036694,218595,21876,15
ORN_DA2->DA2_lPN,19036696,218595,23958,11
ORN_DA2->DA2_lPN,19036702,218595,34301,16
ORN_DA2->DA2_lPN,19044008,220042,18416,18
ORN_DA2->DA2_lPN,19044011,220042,18776,13
ORN_DA2->DA2_lPN,19044012,220042,19339,4
ORN_DA2->DA2_lPN,19044014,220042,20105,14
ORN_DA2->DA2_lPN,19044015,220042,20311,15
ORN_DA2->DA2_lPN,19044019,220042,20995,14
ORN_DA2->DA2_lPN,19044020,220042,21876,21
ORN_DA2->DA2_lPN,19044023,220042,23958,15
ORN_DA2->DA2_lPN,19044025,220042,26423,9
ORN_DA2->DA2_lPN,19044029,220042,34301,24
ORN_DA2->DA2_lPN,19046887,220439,18776,16
ORN_DA2->DA2_lPN,19046888,220439,19339,15
ORN_DA2->DA2_lPN,19046889,220439,20105,29
ORN_DA2->DA2_lPN,19046892,220439,20995,12
ORN_DA2->DA2_lPN,19046895,220439,26423,14
ORN_DA2->DA2_lPN,19075438,226284,18776,11
ORN_DA2->DA2_lPN,19075439,226284,19339,11
ORN_DA2->DA2_lPN,19075440,226284,20105,10
ORN_DA2->DA2_lPN,19075443,226284,20995,8
ORN_DA2->DA2_lPN,19075445,226284,26423,21
ORN_DA2->DA2_lPN,19083719,228191,18416,13
ORN_DA2->DA2_lPN,19083721,228191,18776,8
ORN_DA2->DA2_lPN,19083723,228191,19339,9
ORN_DA2->DA2_lPN,19083724,228191,20105,14
ORN_DA2->DA2_lPN,19083725,228191,20311,15
ORN_DA2->DA2_lPN,19083728,228191,20995,11
ORN_DA2->DA2_lPN,19083729,228191,21876,20
ORN_DA2->DA2_lPN,19083732,228191,23958,39
ORN_DA2->DA2_lPN,19083734,228191,26423,9
ORN_DA2->DA2_lPN,19083740,228191,34301,20
ORN_DA2->DA2_lPN,19097086,232071,18416,12
ORN_DA2->DA2_lPN,19097088,232071,18776,7
ORN_DA2->DA2_lPN,19097090,232071,19339,19
ORN_DA2->DA2_lPN,19097091,232071,20105,8
ORN_DA2->DA2_lPN,19097093,232071,20311,13
ORN_DA2->DA2_lPN,19097096,232071,20995,13
ORN_DA2->DA2_lPN,19097097,232071,21876,17
ORN_DA2->DA2_lPN,19097101,232071,23958,4
ORN_DA2->DA2_lPN,19097104,232071,26423,3
ORN_DA2->DA2_lPN,19097111,232071,34301,4
ORN_DA2->DA2_lPN,19097589,232258,18776,16
ORN_DA2->DA2_lPN,19097591,232258,19339,22
ORN_DA2->DA2_lPN,19097592,232258,20105,3
ORN_DA2->DA2_lPN,19097595,232258,20995,10
ORN_DA2->DA2_lPN,19097598,232258,26423,19
ORN_DA2->DA2_lPN,19100960,233434,18776,10
ORN_DA2->DA2_lPN,19100961,233434,19339,17
ORN_DA2->DA2_lPN,19100962,233434,20105,14
ORN_DA2->DA2_lPN,19100965,233434,20995,16
ORN_DA2->DA2_lPN,19100967,233434,26423,3
ORN_DA2->DA2_lPN,19108763,236826,18416,25
ORN_DA2->DA2_lPN,19108764,236826,20311,14
ORN_DA2->DA2_lPN,19108765,236826,21876,9
ORN_DA2->DA2_lPN,19108766,236826,23958,15
ORN_DA2->DA2_lPN,19108769,236826,34301,8
ORN_DA2->DA2_lPN,19131326,246999,18416,9
ORN_DA2->DA2_lPN,19131328,246999,18776,2
ORN_DA2->DA2_lPN,19131329,246999,19339,11
ORN_DA2->DA2_lPN,19131330,246999,20311,11
ORN_DA2->DA2_lPN,19131332,246999,20995,1
ORN_DA2->DA2_lPN,19131333,246999,21876,14
ORN_DA2->DA2_lPN,19131334,246999,23958,15
ORN_DA2->DA2_lPN,19131337,246999,26423,1
ORN_DA2->DA2_lPN,19131340,246999,34301,13
ORN_DA2->DA2_lPN,19145278,254179,18416,9
ORN_DA2->DA2_lPN,19145280,254179,18776,10
ORN_DA2->DA2_lPN,19145281,254179,19339,2
ORN_DA2->DA2_lPN,19145282,254179,20105,18
ORN_DA2->DA2_lPN,19145283,254179,20311,14
ORN_DA2->DA2_lPN,19145285,254179,20995,11
ORN_DA2->DA2_lPN,19145286,254179,21876,11
ORN_DA2->DA2_lPN,19145288,254179,23958,7
ORN_DA2->DA2_lPN,19145290,254179,26423,6
ORN_DA2->DA2_lPN,19161507,262942,18416,17
ORN_DA2->DA2_lPN,19161509,262942,18776,22
ORN_DA2->DA2_lPN,19161511,262942,19339,7
ORN_DA2->DA2_lPN,19161513,262942,20105,9
ORN_DA2->DA2_lPN,19161514,262942,20311,27
ORN_DA2->DA2_lPN,19161518,262942,20995,8
ORN_DA2->DA2_lPN,19161519,262942,21876,9
ORN_DA2->DA2_lPN,19161522,262942,23958,3
ORN_DA2->DA2_lPN,19161524,262942,26423,9
ORN_DA2->DA2_lPN,19161528,262942,34301,16
ORN_DA2->DA2_lPN,19162258,263393,18416,21
ORN_DA2->DA2_lPN,19162260,263393,18776,9
ORN_DA2->DA2_lPN,19162263,263393,19339,10
ORN_DA2->DA2_lPN,19162265,263393,20105,5
ORN_DA2->DA2_lPN,19162266,263393,20311,8
ORN_DA2->DA2_lPN,19162270,263393,20995,16
ORN_DA2->DA2_lPN,19162271,263393,21876,10
ORN_DA2->DA2_lPN,19162272,263393,23958,31
ORN_DA2->DA2_lPN,19162274,263393,26423,14
ORN_DA2->DA2_lPN,19162278,263393,34301,6
ORN_DA2->DA2_lPN,19168098,267704,18416,13
ORN_DA2->DA2_lPN,19168099,267704,18776,9
ORN_DA2->DA2_lPN,19168100,267704,19339,4
ORN_DA2->DA2_lPN,19168102,267704,20105,13
ORN_DA2->DA2_lPN,19168103,267704,20311,25
ORN_DA2->DA2_lPN,19168107,267704,20995,17
ORN_DA2->DA2_lPN,19168108,267704,21876,16
ORN_DA2->DA2_lPN,19168111,267704,23958,12
ORN_DA2->DA2_lPN,19168113,267704,26423,15
ORN_DA2->DA2_lPN,19168117,267704,34301,24
ORN_DA2->DA2_lPN,19171362,269412,18416,14
ORN_DA2->DA2_lPN,19171363,269412,18776,9
ORN_DA2->DA2_lPN,19171365,269412,19339,7
ORN_DA2->DA2_lPN,19171366,269412,20105,9
ORN_DA2->DA2_lPN,19171367,269412,20311,21
ORN_DA2->DA2_lPN,19171370,269412,20995,6
ORN_DA2->DA2_lPN,19171371,269412,21876,20
ORN_DA2->DA2_lPN,19171372,269412,23958,20
ORN_DA2->DA2_lPN,19171374,269412,26423,14
ORN_DA2->DA2_lPN,19171379,269412,34301,18
ORN_DA2->DA2_lPN,19216750,300339,18776,5
ORN_DA2->DA2_lPN,19216751,300339,19339,10
ORN_DA2->DA2_lPN,19216752,300339,20105,6
ORN_DA2->DA2_lPN,19216756,300339,20995,20
ORN_DA2->DA2_lPN,19216758,300339,26423,20
ORN_DA2->DA2_lPN,19221368,304961,18416,15
ORN_DA2->DA2_lPN,19221369,304961,20311,9
ORN_DA2->DA2_lPN,19221370,304961,21876,17
ORN_DA2->DA2_lPN,19221371,304961,23958,5
ORN_DA2->DA2_lPN,19221373,304961,34301,13
ORN_DA2->DA2_lPN,19229941,316830,18416,2
ORN_DA2->DA2_lPN,19229943,316830,18776,12
ORN_DA2->DA2_lPN,19229945,316830,19339,20
ORN_DA2->DA2_lPN,19229947,316830,20311,16
ORN_DA2->DA2_lPN,19229950,316830,20995,8
ORN_DA2->DA2_lPN,19229951,316830,21876,9
ORN_DA2->DA2_lPN,19229955,316830,23958,8
ORN_DA2->DA2_lPN,19229956,316830,26423,11
ORN_DA2->DA2_lPN,19229960,316830,34301,4
ORN_DA2->DA2_lPN,19230536,318116,18416,17
ORN_DA2->DA2_lPN,19230537,318116,18776,5
ORN_DA2->DA2_lPN,19230539,318116,19339,5
ORN_DA2->DA2_lPN,19230541,318116,20105,15
ORN_DA2->DA2_lPN,19230542,318116,20311,21
ORN_DA2->DA2_lPN,19230545,318116,20995,12
ORN_DA2->DA2_lPN,19230546,318116,21876,13
ORN_DA2->DA2_lPN,19230548,318116,23958,17
ORN_DA2->DA2_lPN,19230550,318116,26423,8
ORN_DA2->DA2_lPN,19230555,318116,34301,3
ORN_DA2->DA2_lPN,19236121,324311,18416,17
ORN_DA2->DA2_lPN,19236122,324311,18776,3
ORN_DA2->DA2_lPN,19236124,324311,19339,2
ORN_DA2->DA2_lPN,19236125,324311,20311,17
ORN_DA2->DA2_lPN,19236126,324311,21876,14
ORN_DA2->DA2_lPN,19236127,324311,23958,13
ORN_DA2->DA2_lPN,19236131,324311,34301,14
ORN_DA2->DA2_lPN,19254167,358056,18416,28
ORN_DA2->DA2_lPN,19254169,358056,20311,14
ORN_DA2->DA2_lPN,19254170,358056,21876,15
ORN_DA2->DA2_lPN,19254171,358056,23958,5
ORN_DA2->DA2_lPN,19254175,358056,34301,20
ORN_DA2->DA2_lPN,19269528,398670,18416,6
ORN_DA2->DA2_lPN,19269530,398670,18776,7
ORN_DA2->DA2_lPN,19269532,398670,19339,2
ORN_DA2->DA2_lPN,19269533,398670,20105,11
ORN_DA2->DA2_lPN,19269534,398670,20311,4
ORN_DA2->DA2_lPN,19269537,398670,20995,8
ORN_DA2->DA2_lPN,19269538,398670,21876,9
ORN_DA2->DA2_lPN,19269539,398670,23958,9
ORN_DA2->DA2_lPN,19269541,398670,26423,9
ORN_DA2->DA2_lPN,19269543,398670,34301,14
ORN_DA2->DA2_lPN,19277940,422690,18416,7
ORN_DA2->DA2_lPN,19277942,422690,18776,14
ORN_DA2->DA2_lPN,19277943,422690,19339,15
ORN_DA2->DA2_lPN,19277945,422690,20105,2
ORN_DA2->DA2_lPN,19277946,422690,20311,9
ORN_DA2->DA2_lPN,19277948,422690,20995,5
ORN_DA2->DA2_lPN,19277949,422690,21876,3
ORN_DA2->DA2_lPN,19277953,422690,23958,2
ORN_DA2->DA2_lPN,19277954,422690,26423,9
ORN_DA2->DA2_lPN,19277958,422690,34301,2
ORN_DA2->DA2_lPN,20991199,527558,18416,5
ORN_DA2->DA2_lPN,20991200,527558,18776,15
ORN_DA2->DA2_lPN,20991202,527558,19339,11
ORN_DA2->DA2_lPN,20991203,527558,20105,29
ORN_DA2->DA2_lPN,20991204,527558,20311,30
ORN_DA2->DA2_lPN,20991207,527558,20995,10
ORN_DA2->DA2_lPN,20991208,527558,21876,3
ORN_DA2->DA2_lPN,20991211,527558,23958,6
ORN_DA2->DA2_lPN,20991212,527558,26423,17
ORN_DA2->DA2_lPN,20991215,527558,34301,6
ORN_DA2->DA2_lPN,21601575,536983,18416,17
ORN_DA2->DA2_lPN,21601576,536983,20311,23
ORN_DA2->DA2_lPN,21601577,536983,21876,3
ORN_DA2->DA2_lPN,21601578,536983,23958,12
ORN_DA2->DA2_lPN,21601582,536983,34301,7
ORN_DA2->DA2_lPN,22275487,569720,18416,5
ORN_DA2->DA2_lPN,22275490,569720,18776,12
ORN_DA2->DA2_lPN,22275492,569720,19339,6
ORN_DA2->DA2_lPN,22275494,569720,20105,11
ORN_DA2->DA2_lPN,22275495,569720,20311,14
ORN_DA2->DA2_lPN,22275497,569720,20995,3
ORN_DA2->DA2_lPN,22275498,569720,21876,21
ORN_DA2->DA2_lPN,22275501,569720,23958,9
ORN_DA2->DA2_lPN,22275504,569720,26423,21
ORN_DA2->DA2_lPN,22275508,569720,34301,23
ORN_DA2->DA2_lPN,25385058,919212,18416,18
ORN_DA2->DA2_lPN,25385059,919212,18776,9
ORN_DA2->DA2_lPN,25385061,919212,19339,2
ORN_DA2->DA2_lPN,25385062,919212,20105,12
ORN_DA2->DA2_lPN,25385063,919212,20311,16
ORN_DA2->DA2_lPN,25385066,919212,20995,11
ORN_DA2->DA2_lPN,25385067,919212,21876,16
ORN_DA2->DA2_lPN,25385069,919212,23958,6
ORN_DA2->DA2_lPN,25385073,919212,26423,5
ORN_DA2->DA2_lPN,25385079,919212,34301,12
ORN_DA2->DA2_lPN,25398598,923628,18776,7
ORN_DA2->DA2_lPN,25398600,923628,19339,6
ORN_DA2->DA2_lPN,25398601,923628,20105,7
ORN_DA2->DA2_lPN,25398603,923628,20995,6
ORN_DA2->DA2_lPN,25398605,923628,26423,11
ORN_DA2->DA2_lPN,25491823,955499,18416,22
ORN_DA2->DA2_lPN,25491824,955499,18776,6
ORN_DA2->DA2_lPN,25491826,955499,19339,18
ORN_DA2->DA2_lPN,25491828,955499,20105,14
ORN_DA2->DA2_lPN,25491829,955499,20311,5
ORN_DA2->DA2_lPN,25491831,955499,20995,7
ORN_DA2->DA2_lPN,25491832,955499,21876,22
ORN_DA2->DA2_lPN,25491834,955499,23958,23
ORN_DA2->DA2_lPN,25491837,955499,26423,10
ORN_DA2->DA2_lPN,25491842,955499,34301,19
ORN_DA2->DA2_lPN,25492716,956014,18416,21
ORN_DA2->DA2_lPN,25492717,956014,20311,14
ORN_DA2->DA2_lPN,25492718,956014,21876,4
ORN_DA2->DA2_lPN,25492719,956014,23958,24
ORN_DA2->DA2_lPN,25492724,956014,34301,15
ORN_DA2->DA2_lPN,25492866,956031,18416,6
ORN_DA2->DA2_lPN,25492867,956031,20311,15
ORN_DA2->DA2_lPN,25492868,956031,21876,21
ORN_DA2->DA2_lPN,25492869,956031,23958,17
ORN_DA2->DA2_lPN,25492871,956031,34301,23
ORN_DA2->DA2_lPN,25514025,338402819,18416,11
ORN_DA2->DA2_lPN,25514026,338402819,19339,2
ORN_DA2->DA2_lPN,25514027,338402819,20311,12
ORN_DA2->DA2_lPN,25514029,338402819,20995,1
ORN_DA2->DA2_lPN,25514030,338402819,21876,22
ORN_DA2->DA2_lPN,25514032,338402819,23958,18
ORN_DA2->DA2_lPN,25514034,338402819,26423,3
ORN_DA2->DA2_lPN,25514038,338402819,34301,7
ORN_DA2->DA2_lPN,25516913,374381048,18776,15
ORN_DA2->DA2_lPN,25516914,374381048,19339,8
ORN_DA2->DA2_lPN,25516916,374381048,20105,24
ORN_DA2->DA2_lPN,25516921,374381048,20995,9
ORN_DA2->DA2_lPN,25516925,374381048,26423,21
ORN_DA2->DA2_lPN,25524503,503560891,18416,12
ORN_DA2->DA2_lPN,25524504,503560891,19339,10
ORN_DA2->DA2_lPN,25524505,503560891,20105,7
ORN_DA2->DA2_lPN,25524506,503560891,20311,21
ORN_DA2->DA2_lPN,25524508,503560891,20995,8
ORN_DA2->DA2_lPN,25524509,503560891,21876,21
ORN_DA2->DA2_lPN,25524511,503560891,23958,11
ORN_DA2->DA2_lPN,25524513,503560891,26423,6
ORN_DA2->DA2_lPN,25524517,503560891,34301,10
ORN_DA2->DA2_lPN,25524635,505547930,18416,25
ORN_DA2->DA2_lPN,25524637,505547930,18776,1
ORN_DA2->DA2_lPN,25524639,505547930,19339,8
ORN_DA2->DA2_lPN,25524641,505547930,20311,10
ORN_DA2->DA2_lPN,25524642,505547930,21876,22
ORN_DA2->DA2_lPN,25524644,505547930,23958,8
ORN_DA2->DA2_lPN,25524648,505547930,34301,13
ORN_DA2->DA2_lPN,25525743,525888732,18416,16
ORN_DA2->DA2_lPN,25525745,525888732,20311,14
ORN_DA2->DA2_lPN,25525746,525888732,21876,14
ORN_DA2->DA2_lPN,25525748,525888732,23958,2
ORN_DA2->DA2_lPN,25525752,525888732,34301,1
ORN_DA2->DA2_lPN,25526637,545354175,18416,8
ORN_DA2->DA2_lPN,25526638,545354175,18776,4
ORN_DA2->DA2_lPN,25526639,545354175,20105,11
ORN_DA2->DA2_lPN,25526640,545354175,20311,11
ORN_DA2->DA2_lPN,25526643,545354175,20995,11
ORN_DA2->DA2_lPN,25526644,545354175,21876,10
ORN_DA2->DA2_lPN,25526645,545354175,23958,12
ORN_DA2->DA2_lPN,25526647,545354175,26423,4
ORN_DA2->DA2_lPN,25531470,639917279,18416,9
ORN_DA2->DA2_lPN,25531472,639917279,18776,14
ORN_DA2->DA2_lPN,25531473,639917279,19339,6
ORN_DA2->DA2_lPN,25531474,639917279,20105,22
ORN_DA2->DA2_lPN,25531475,639917279,20311,9
ORN_DA2->DA2_lPN,25531479,639917279,20995,6
ORN_DA2->DA2_lPN,25531480,639917279,21876,17
ORN_DA2->DA2_lPN,25531482,639917279,23958,6
ORN_DA2->DA2_lPN,25531484,639917279,26423,6
ORN_DA2->DA2_lPN,25531489,639917279,34301,18
ORN_DA2->DA2_lPN,25537212,739955728,18776,6
ORN_DA2->DA2_lPN,25537214,739955728,19339,1
ORN_DA2->DA2_lPN,25537216,739955728,20995,1
ORN_DA2->DA2_lPN,25537218,739955728,26423,5
ORN_DA2->DA2_lPN,25546102,877969460,18416,21
ORN_DA2->DA2_lPN,25546104,877969460,18776,9
ORN_DA2->DA2_lPN,25546106,877969460,19339,11
ORN_DA2->DA2_lPN,25546107,877969460,20105,17
ORN_DA2->DA2_lPN,25546109,877969460,20311,16
ORN_DA2->DA2_lPN,25546112,877969460,20995,18
ORN_DA2->DA2_lPN,25546113,877969460,21876,20
ORN_DA2->DA2_lPN,25546115,877969460,23958,16
ORN_DA2->DA2_lPN,25546117,877969460,26423,19
ORN_DA2->DA2_lPN,25546122,877969460,34301,7
ORN_DA2->DA2_lPN,25547648,903163222,18416,9
ORN_DA2->DA2_lPN,25547649,903163222,20311,20
ORN_DA2->DA2_lPN,25547650,903163222,21876,19
ORN_DA2->DA2_lPN,25547651,903163222,23958,6
ORN_DA2->DA2_lPN,25550584,949563824,18416,14
ORN_DA2->DA2_lPN,25550586,949563824,18776,3
ORN_DA2->DA2_lPN,25550588,949563824,19339,3
ORN_DA2->DA2_lPN,25550589,949563824,20105,5
ORN_DA2->DA2_lPN,25550591,949563824,20311,17
ORN_DA2->DA2_lPN,25550594,949563824,20995,8
ORN_DA2->DA2_lPN,25550595,949563824,21876,19
ORN_DA2->DA2_lPN,25550596,949563824,23958,12
ORN_DA2->DA2_lPN,25550598,949563824,26423,9
ORN_DA2->DA2_lPN,25550602,949563824,34301,30
