game_id,start_time,home,away,p_home,p_draw,p_away,pick,outcome,is_draw,normalized_b365_draw
soccer:epl:2026-01-01:crystal-palace:fulham,2026-01-01T17:30:00Z,Crystal Palace,Fulham,0.5241659879684448,0.26808249950408936,0.20775148272514343,0,1,1,0.28526829268292686
soccer:epl:2026-01-01:liverpool:leeds,2026-01-01T17:30:00Z,Liverpool,Leeds,0.576217532157898,0.21357040107250214,0.21021203696727753,0,1,1,0.21180124223602484
soccer:epl:2026-01-01:brentford:tottenham,2026-01-01T20:00:00Z,Brentford,Tottenham,0.7183196544647217,0.16381575167179108,0.11786452680826187,0,1,1,0.26046511627906976
soccer:epl:2026-01-01:sunderland:man-city,2026-01-01T20:00:00Z,Sunderland,Man City,0.4465453624725342,0.20174358785152435,0.3517110049724579,0,1,1,0.1970302684180468
soccer:epl:2026-01-03:aston-villa:nottm-forest,2026-01-03T12:30:00Z,Aston Villa,Nott'm Forest,0.6880629658699036,0.2176353931427002,0.09430158883333206,0,0,0,0.24418604651162798
soccer:epl:2026-01-03:brighton:burnley,2026-01-03T15:00:00Z,Brighton,Burnley,0.8225142359733582,0.09671715646982193,0.08076860755681992,0,0,0,0.2200584556824361
soccer:epl:2026-01-03:wolves:west-ham,2026-01-03T15:00:00Z,Wolves,West Ham,0.001342828618362546,0.08313532918691635,0.9155218601226807,2,0,0,0.28853089685020433
soccer:epl:2026-01-03:bournemouth:arsenal,2026-01-03T17:30:00Z,Bournemouth,Arsenal,0.5803841948509216,0.2025357484817505,0.21708005666732788,0,2,0,0.19883165161975572
soccer:epl:2026-01-04:leeds:man-united,2026-01-04T12:30:00Z,Leeds,Man United,0.5562257766723633,0.2648693323135376,0.17890490591526031,0,1,1,0.28760631834750905
soccer:epl:2026-01-04:everton:brentford,2026-01-04T15:00:00Z,Everton,Brentford,0.6984399557113647,0.2084583044052124,0.09310174733400345,0,2,0,0.29142914291429145
soccer:epl:2026-01-04:newcastle:crystal-palace,2026-01-04T15:00:00Z,Newcastle,Crystal Palace,0.7671356797218323,0.11181437969207764,0.12104995548725128,0,0,0,0.24300331026181163
soccer:epl:2026-01-04:tottenham:sunderland,2026-01-04T15:00:00Z,Tottenham,Sunderland,0.3762480616569519,0.23161223530769348,0.3921397626399994,2,1,1,0.2631578947368421
soccer:epl:2026-01-04:fulham:liverpool,2026-01-04T15:15:00Z,Fulham,Liverpool,0.3770659267902374,0.2576487362384796,0.36528533697128296,0,1,1,0.25315219476465356
soccer:epl:2026-01-04:man-city:chelsea,2026-01-04T17:30:00Z,Man City,Chelsea,0.7669363021850586,0.1441023200750351,0.08896132558584213,0,1,1,0.1990324809951624
soccer:epl:2026-01-06:west-ham:nottm-forest,2026-01-06T20:00:00Z,West Ham,Nott'm Forest,0.5362836122512817,0.23775064945220947,0.2259657233953476,0,2,0,0.2773352009104439
soccer:epl:2026-01-07:bournemouth:tottenham,2026-01-07T19:30:00Z,Bournemouth,Tottenham,0.3636959493160248,0.16404783725738525,0.47225621342658997,2,0,0,0.2627986348122867
soccer:epl:2026-01-07:brentford:sunderland,2026-01-07T19:30:00Z,Brentford,Sunderland,0.38969850540161133,0.4635002911090851,0.14680124819278717,1,0,0,0.2702552251142862
soccer:epl:2026-01-07:crystal-palace:aston-villa,2026-01-07T19:30:00Z,Crystal Palace,Aston Villa,0.2532043159008026,0.13845708966255188,0.6083385944366455,2,1,1,0.28577154308617236
soccer:epl:2026-01-07:everton:wolves,2026-01-07T19:30:00Z,Everton,Wolves,0.8644113540649414,0.07571209222078323,0.05987653508782387,0,1,1,0.27027027027027023
soccer:epl:2026-01-07:fulham:chelsea,2026-01-07T19:30:00Z,Fulham,Chelsea,0.469827800989151,0.2202419489622116,0.3099302053451538,0,0,0,0.2621286197818729
soccer:epl:2026-01-07:man-city:brighton,2026-01-07T19:30:00Z,Man City,Brighton,0.46669742465019226,0.18614186346530914,0.347160667181015,0,1,1,0.17993079584775085
soccer:epl:2026-01-07:burnley:man-united,2026-01-07T20:15:00Z,Burnley,Man United,0.01821797899901867,0.483137845993042,0.4986441731452942,2,1,1,0.23837638376383766
soccer:epl:2026-01-07:newcastle:leeds,2026-01-07T20:15:00Z,Newcastle,Leeds,0.43734514713287354,0.22355304658412933,0.3391018211841583,0,0,0,0.24780389363722696
soccer:epl:2026-01-08:arsenal:liverpool,2026-01-08T20:00:00Z,Arsenal,Liverpool,0.6574718952178955,0.13916176557540894,0.20336638391017914,0,1,1,0.2281802624073018
soccer:epl:2026-01-17:man-united:man-city,2026-01-17T12:30:00Z,Man United,Man City,0.42808595299720764,0.35234591364860535,0.21956808865070343,0,0,0,0.24896952615818213
soccer:epl:2026-01-17:chelsea:brentford,2026-01-17T15:00:00Z,Chelsea,Brentford,0.33951666951179504,0.2298739105463028,0.43060940504074097,2,0,0,0.2407176858293665
soccer:epl:2026-01-17:leeds:fulham,2026-01-17T15:00:00Z,Leeds,Fulham,0.6465957760810852,0.16876590251922607,0.18463827669620514,0,0,0,0.28754298815437523
soccer:epl:2026-01-17:liverpool:burnley,2026-01-17T15:00:00Z,Liverpool,Burnley,0.8393937349319458,0.10957621037960052,0.05103005841374397,0,1,1,0.14453419493807215
soccer:epl:2026-01-17:sunderland:crystal-palace,2026-01-17T15:00:00Z,Sunderland,Crystal Palace,0.6658692955970764,0.08039388805627823,0.2537367641925812,0,0,0,0.30726256983240224
soccer:epl:2026-01-17:tottenham:west-ham,2026-01-17T15:00:00Z,Tottenham,West Ham,0.5566065311431885,0.2822140157222748,0.16117943823337555,0,2,0,0.238036997401009
soccer:epl:2026-01-17:nottm-forest:arsenal,2026-01-17T17:30:00Z,Nott'm Forest,Arsenal,0.3417421877384186,0.21891500055789948,0.43934282660484314,2,1,1,0.21969658895916944
soccer:epl:2026-01-18:wolves:newcastle,2026-01-18T14:00:00Z,Wolves,Newcastle,0.1240796446800232,0.12898708879947662,0.7469332814216614,2,1,1,0.23837638376383766
soccer:epl:2026-01-18:aston-villa:everton,2026-01-18T16:30:00Z,Aston Villa,Everton,0.7968240976333618,0.10813026875257492,0.09504567086696625,0,2,0,0.24520703108612663
soccer:epl:2026-01-19:brighton:bournemouth,2026-01-19T20:00:00Z,Brighton,Bournemouth,0.7818554639816284,0.06851448863744736,0.14963002502918243,0,1,1,0.2418716669533804
soccer:epl:2026-01-24:west-ham:sunderland,2026-01-24T12:30:00Z,West Ham,Sunderland,0.37263357639312744,0.3569429814815521,0.2704234719276428,0,0,0,0.2948885976408912
soccer:epl:2026-01-24:burnley:tottenham,2026-01-24T15:00:00Z,Burnley,Tottenham,0.011481224559247494,0.21908247470855713,0.769436240196228,2,1,1,0.273727896066402
soccer:epl:2026-01-24:fulham:brighton,2026-01-24T15:00:00Z,Fulham,Brighton,0.6093420386314392,0.1516130119562149,0.2390449196100235,0,0,0,0.28035143769968046
soccer:epl:2026-01-24:man-city:wolves,2026-01-24T15:00:00Z,Man City,Wolves,0.9146174788475037,0.05365489423274994,0.031727686524391174,0,0,0,0.13387423935091278
soccer:epl:2026-01-24:bournemouth:liverpool,2026-01-24T17:30:00Z,Bournemouth,Liverpool,0.367658793926239,0.12941426038742065,0.5029269456863403,2,0,0,0.24916943521594684
soccer:epl:2026-01-25:brentford:nottm-forest,2026-01-25T14:00:00Z,Brentford,Nott'm Forest,0.3418574631214142,0.1988239586353302,0.4593185782432556,2,2,0,0.27128802050855677
soccer:epl:2026-01-25:crystal-palace:chelsea,2026-01-25T14:00:00Z,Crystal Palace,Chelsea,0.29713937640190125,0.24188753962516785,0.4609730541706085,2,2,0,0.25089605734767023
soccer:epl:2026-01-25:newcastle:aston-villa,2026-01-25T14:00:00Z,Newcastle,Aston Villa,0.49233752489089966,0.22349870204925537,0.28416377305984497,0,2,0,0.256578947368421
soccer:epl:2026-01-25:arsenal:man-united,2026-01-25T16:30:00Z,Arsenal,Man United,0.8261860609054565,0.10290384292602539,0.07091018557548523,0,2,0,0.22677395757132407
soccer:epl:2026-01-26:everton:leeds,2026-01-26T20:00:00Z,Everton,Leeds,0.6791800260543823,0.05199771746993065,0.2688223123550415,0,1,1,0.2923387096774194
soccer:epl:2026-01-31:brighton:everton,2026-01-31T15:00:00Z,Brighton,Everton,0.2906665503978729,0.2664724886417389,0.44286099076271057,2,1,1,0.26150663678676095
soccer:epl:2026-01-31:leeds:arsenal,2026-01-31T15:00:00Z,Leeds,Arsenal,0.3663816452026367,0.3889460861682892,0.2446722686290741,1,2,0,0.22521953376713624
soccer:epl:2026-01-31:wolves:bournemouth,2026-01-31T15:00:00Z,Wolves,Bournemouth,0.023780113086104393,0.7996296882629395,0.1765902191400528,1,2,0,0.268194611982308
soccer:epl:2026-01-31:chelsea:west-ham,2026-01-31T17:30:00Z,Chelsea,West Ham,0.845831573009491,0.10683393478393555,0.04733453691005707,0,0,0,0.21052631578947367
soccer:epl:2026-01-31:liverpool:newcastle,2026-01-31T20:00:00Z,Liverpool,Newcastle,0.4331620931625366,0.13059139251708984,0.4362465739250183,2,0,0,0.24284304047384012
soccer:epl:2026-02-01:aston-villa:brentford,2026-02-01T14:00:00Z,Aston Villa,Brentford,0.6634731888771057,0.08437822014093399,0.2521486282348633,0,2,0,0.2705570291777188
soccer:epl:2026-02-01:man-united:fulham,2026-02-01T14:00:00Z,Man United,Fulham,0.6095007658004761,0.16041216254234314,0.23008699715137482,0,0,0,0.2098089001737271
soccer:epl:2026-02-01:nottm-forest:crystal-palace,2026-02-01T14:00:00Z,Nott'm Forest,Crystal Palace,0.41504335403442383,0.28530970215797424,0.29964691400527954,0,1,1,0.2708333333333333
soccer:epl:2026-02-01:tottenham:man-city,2026-02-01T16:30:00Z,Tottenham,Man City,0.34139180183410645,0.2809029817581177,0.3777051866054535,2,1,1,0.23358737397983678
soccer:epl:2026-02-02:sunderland:burnley,2026-02-02T20:00:00Z,Sunderland,Burnley,0.8618269562721252,0.07547876983880997,0.06269431859254837,0,0,0,0.27164416203335984
soccer:epl:2026-02-06:leeds:nottm-forest,2026-02-06T20:00:00Z,Leeds,Nott'm Forest,0.4776824414730072,0.18281446397304535,0.33950310945510864,0,0,0,0.288135593220339
soccer:epl:2026-02-07:man-united:tottenham,2026-02-07T12:30:00Z,Man United,Tottenham,0.6283275485038757,0.153502956032753,0.21816949546337128,0,0,0,0.2098089001737271
soccer:epl:2026-02-07:arsenal:sunderland,2026-02-07T15:00:00Z,Arsenal,Sunderland,0.7433556318283081,0.11851207911968231,0.1381322741508484,0,0,0,0.1505166298257338
soccer:epl:2026-02-07:bournemouth:aston-villa,2026-02-07T15:00:00Z,Bournemouth,Aston Villa,0.583000898361206,0.18579143285751343,0.23120763897895813,0,1,1,0.2705410821643286
soccer:epl:2026-02-07:burnley:west-ham,2026-02-07T15:00:00Z,Burnley,West Ham,0.00028263204148970544,0.12671872973442078,0.8729986548423767,2,2,0,0.2711119602598395
soccer:epl:2026-02-07:fulham:everton,2026-02-07T15:00:00Z,Fulham,Everton,0.29556480050086975,0.3535102605819702,0.35092490911483765,1,2,0,0.2928870292887029
soccer:epl:2026-02-07:wolves:chelsea,2026-02-07T15:00:00Z,Wolves,Chelsea,0.1395488977432251,0.16161979734897614,0.69883131980896,2,2,0,0.2383671139023694
soccer:epl:2026-02-07:newcastle:brentford,2026-02-07T17:30:00Z,Newcastle,Brentford,0.533602237701416,0.22839927673339844,0.23799842596054077,0,2,0,0.27272727272727276
soccer:epl:2026-02-08:brighton:crystal-palace,2026-02-08T14:00:00Z,Brighton,Crystal Palace,0.552049994468689,0.21491336822509766,0.2330365777015686,0,2,0,0.2708333333333333
soccer:epl:2026-02-08:liverpool:man-city,2026-02-08T16:30:00Z,Liverpool,Man City,0.7207000851631165,0.052821435034275055,0.22647851705551147,0,2,0,0.256405233879182
soccer:epl:2026-02-10:chelsea:leeds,2026-02-10T19:30:00Z,Chelsea,Leeds,0.294855535030365,0.34796956181526184,0.35717496275901794,2,1,1,0.2183014736949925
soccer:epl:2026-02-10:everton:bournemouth,2026-02-10T19:30:00Z,Everton,Bournemouth,0.4944407641887665,0.2355097234249115,0.27004948258399963,0,2,0,0.2807486631016043
soccer:epl:2026-02-10:tottenham:newcastle,2026-02-10T19:30:00Z,Tottenham,Newcastle,0.18245655298233032,0.21143212914466858,0.6061113476753235,2,2,0,0.26586102719033233
soccer:epl:2026-02-10:west-ham:man-united,2026-02-10T20:15:00Z,West Ham,Man United,0.26690152287483215,0.3522007465362549,0.38089773058891296,2,1,1,0.22707034728406053
soccer:epl:2026-02-11:aston-villa:brighton,2026-02-11T19:30:00Z,Aston Villa,Brighton,0.694491446018219,0.20830035209655762,0.09720821678638458,0,0,0,0.25569843227056543
soccer:epl:2026-02-11:crystal-palace:burnley,2026-02-11T19:30:00Z,Crystal Palace,Burnley,0.8204044699668884,0.14371784031391144,0.03587765619158745,0,2,0,0.2387905335523514
soccer:epl:2026-02-11:man-city:fulham,2026-02-11T19:30:00Z,Man City,Fulham,0.830899715423584,0.10009133070707321,0.06900902837514877,0,0,0,0.17153153153153156
soccer:epl:2026-02-11:nottm-forest:wolves,2026-02-11T19:30:00Z,Nott'm Forest,Wolves,0.322991281747818,0.43502581119537354,0.24198292195796967,1,1,1,0.2502944640753828
soccer:epl:2026-02-11:sunderland:liverpool,2026-02-11T20:15:00Z,Sunderland,Liverpool,0.35697588324546814,0.3979783356189728,0.24504579603672028,1,2,0,0.25021695111368236
soccer:epl:2026-02-12:brentford:arsenal,2026-02-12T20:00:00Z,Brentford,Arsenal,0.39873218536376953,0.2798610031604767,0.3214068114757538,0,1,1,0.24300331026181163
soccer:epl:2026-02-18:wolves:arsenal,2026-02-18T20:00:00Z,Wolves,Arsenal,0.06570708751678467,0.09856516867876053,0.8357277512550354,2,1,1,0.1802763220581229
soccer:epl:2026-02-21:aston-villa:leeds,2026-02-21T15:00:00Z,Aston Villa,Leeds,0.6186031699180603,0.15859448909759521,0.2228023111820221,0,1,1,0.2647355288596593
soccer:epl:2026-02-21:brentford:brighton,2026-02-21T15:00:00Z,Brentford,Brighton,0.5563259124755859,0.3247431218624115,0.11893097311258316,0,2,0,0.25594149908592323
soccer:epl:2026-02-21:chelsea:burnley,2026-02-21T15:00:00Z,Chelsea,Burnley,0.895572304725647,0.06474412977695465,0.0396835133433342,0,1,1,0.14557024957740877
soccer:epl:2026-02-21:west-ham:bournemouth,2026-02-21T17:30:00Z,West Ham,Bournemouth,0.5352435111999512,0.196035698056221,0.2687208354473114,0,1,1,0.2572781342933166
soccer:epl:2026-02-21:man-city:newcastle,2026-02-21T20:00:00Z,Man City,Newcastle,0.41630855202674866,0.26522496342658997,0.31846651434898376,0,0,0,0.18665886483323582
soccer:epl:2026-02-22:crystal-palace:wolves,2026-02-22T14:00:00Z,Crystal Palace,Wolves,0.3015691339969635,0.15278410911560059,0.5456467866897583,2,0,0,0.23672883787661403
soccer:epl:2026-02-22:nottm-forest:liverpool,2026-02-22T14:00:00Z,Nott'm Forest,Liverpool,0.32585299015045166,0.19083571434020996,0.4833112955093384,2,2,0,0.24284304047384012
soccer:epl:2026-02-22:sunderland:fulham,2026-02-22T14:00:00Z,Sunderland,Fulham,0.5506922602653503,0.22017644345760345,0.22913134098052979,0,2,0,0.29347826086956524
soccer:epl:2026-02-22:tottenham:arsenal,2026-02-22T16:30:00Z,Tottenham,Arsenal,0.44979339838027954,0.2556611895561218,0.29454541206359863,0,2,0,0.23727959697732998
soccer:epl:2026-02-23:everton:man-united,2026-02-23T20:00:00Z,Everton,Man United,0.5868211388587952,0.21111881732940674,0.20205999910831451,0,2,0,0.25145439342454057
soccer:epl:2026-02-27:wolves:aston-villa,2026-02-27T20:00:00Z,Wolves,Aston Villa,0.05338950827717781,0.31694427132606506,0.6296661496162415,2,0,0,0.25625
soccer:epl:2026-02-28:bournemouth:sunderland,2026-02-28T12:30:00Z,Bournemouth,Sunderland,0.3409513235092163,0.3791324496269226,0.2799161970615387,1,1,1,0.25320403489108717
soccer:epl:2026-02-28:burnley:brentford,2026-02-28T15:00:00Z,Burnley,Brentford,0.04669000953435898,0.5680447220802307,0.3852652907371521,1,2,0,0.24265943519730693
soccer:epl:2026-02-28:liverpool:west-ham,2026-02-28T15:00:00Z,Liverpool,West Ham,0.8966438174247742,0.08369577676057816,0.01966036483645439,0,0,0,0.19701173959445034
soccer:epl:2026-02-28:newcastle:everton,2026-02-28T15:00:00Z,Newcastle,Everton,0.3184880018234253,0.17057879269123077,0.5109331607818604,2,2,0,0.23837638376383766
soccer:epl:2026-02-28:leeds:man-city,2026-02-28T17:30:00Z,Leeds,Man City,0.23266112804412842,0.38547593355178833,0.38186290860176086,1,2,0,0.21813017509942711
soccer:epl:2026-03-01:brighton:nottm-forest,2026-03-01T14:00:00Z,Brighton,Nott'm Forest,0.2910018861293793,0.2879692018032074,0.4210289716720581,2,0,0,0.2611940298507463
soccer:epl:2026-03-01:fulham:tottenham,2026-03-01T14:00:00Z,Fulham,Tottenham,0.44598308205604553,0.09138257056474686,0.4626343548297882,2,0,0,0.2627986348122867
soccer:epl:2026-03-01:man-united:crystal-palace,2026-03-01T14:00:00Z,Man United,Crystal Palace,0.4959612488746643,0.2555619180202484,0.24847686290740967,0,0,0,0.21011235955056176
soccer:epl:2026-03-01:arsenal:chelsea,2026-03-01T16:30:00Z,Arsenal,Chelsea,0.5668463110923767,0.13501544296741486,0.29813823103904724,0,0,0,0.24594745667970933
soccer:epl:2026-03-03:bournemouth:brentford,2026-03-03T19:30:00Z,Bournemouth,Brentford,0.4429435133934021,0.21737758815288544,0.33967891335487366,0,1,1,0.26254841672323603
soccer:epl:2026-03-03:everton:burnley,2026-03-03T19:30:00Z,Everton,Burnley,0.768988847732544,0.15582683682441711,0.07518430054187775,0,0,0,0.23727959697732998
soccer:epl:2026-03-03:leeds:sunderland,2026-03-03T19:30:00Z,Leeds,Sunderland,0.29533839225769043,0.44513338804244995,0.259528249502182,1,2,0,0.2760099922473943
soccer:epl:2026-03-03:wolves:liverpool,2026-03-03T20:15:00Z,Wolves,Liverpool,0.2482386827468872,0.36574289202690125,0.38601842522621155,2,0,0,0.20754716981132074
soccer:epl:2026-03-04:aston-villa:chelsea,2026-03-04T19:30:00Z,Aston Villa,Chelsea,0.41203489899635315,0.27451732754707336,0.3134478032588959,0,2,0,0.27835051546391754
soccer:epl:2026-03-04:brighton:arsenal,2026-03-04T19:30:00Z,Brighton,Arsenal,0.5344865918159485,0.25351572036743164,0.21199765801429749,0,2,0,0.22999046291541345
soccer:epl:2026-03-04:fulham:west-ham,2026-03-04T19:30:00Z,Fulham,West Ham,0.3994269073009491,0.2943404018878937,0.3062326908111572,0,2,0,0.2705667276051188
soccer:epl:2026-03-04:man-city:nottm-forest,2026-03-04T19:30:00Z,Man City,Nott'm Forest,0.7749394774436951,0.12234196066856384,0.10271856933832169,0,1,1,0.18904109589041096
soccer:epl:2026-03-04:newcastle:man-united,2026-03-04T20:15:00Z,Newcastle,Man United,0.2436102330684662,0.4017501473426819,0.3546396493911743,1,0,0,0.2719643638388418
soccer:epl:2026-03-05:tottenham:crystal-palace,2026-03-05T20:00:00Z,Tottenham,Crystal Palace,0.39922600984573364,0.15128841996192932,0.44948551058769226,2,2,0,0.29142914291429145
soccer:epl:2026-03-14:burnley:bournemouth,2026-03-14T15:00:00Z,Burnley,Bournemouth,0.036395709961652756,0.6518159508705139,0.3117883503437042,1,1,1,0.24979192329460334
soccer:epl:2026-03-14:sunderland:brighton,2026-03-14T15:00:00Z,Sunderland,Brighton,0.4924808740615845,0.203706756234169,0.3038124442100525,0,2,0,0.28846153846153844
soccer:epl:2026-03-14:arsenal:everton,2026-03-14T17:30:00Z,Arsenal,Everton,0.7957281470298767,0.15228189527988434,0.051989927887916565,0,0,0,0.19996590521650184
soccer:epl:2026-03-14:chelsea:newcastle,2026-03-14T17:30:00Z,Chelsea,Newcastle,0.5904257297515869,0.1025550439953804,0.3070192039012909,0,2,0,0.225296442687747
soccer:epl:2026-03-14:west-ham:man-city,2026-03-14T20:00:00Z,West Ham,Man City,0.5520797371864319,0.10665953904390335,0.341260701417923,0,1,1,0.21992238033635186
soccer:epl:2026-03-15:crystal-palace:leeds,2026-03-15T14:00:00Z,Crystal Palace,Leeds,0.4453108310699463,0.3392985761165619,0.21539056301116943,0,1,1,0.2907018168863555
soccer:epl:2026-03-15:man-united:aston-villa,2026-03-15T14:00:00Z,Man United,Aston Villa,0.6100417971611023,0.16916844248771667,0.22078971564769745,0,0,0,0.238036997401009
soccer:epl:2026-03-15:nottm-forest:fulham,2026-03-15T14:00:00Z,Nott'm Forest,Fulham,0.25214970111846924,0.2090400606393814,0.5388103127479553,2,1,1,0.2796610169491525
soccer:epl:2026-03-15:liverpool:tottenham,2026-03-15T16:30:00Z,Liverpool,Tottenham,0.8035848736763,0.14851593971252441,0.04789924621582031,0,1,1,0.1517694272163444
soccer:epl:2026-03-16:brentford:wolves,2026-03-16T20:00:00Z,Brentford,Wolves,0.8289334177970886,0.1379871964454651,0.03307943046092987,0,1,1,0.2252195337671363
soccer:epl:2026-03-20:bournemouth:man-united,2026-03-20T20:00:00Z,Bournemouth,Man United,0.5129324793815613,0.20556962490081787,0.2814978361129761,0,1,1,0.2501861504095309
soccer:epl:2026-03-21:brighton:liverpool,2026-03-21T12:30:00Z,Brighton,Liverpool,0.41627752780914307,0.11207778006792068,0.47164472937583923,2,0,0,0.26882144264879776
soccer:epl:2026-03-21:fulham:burnley,2026-03-21T15:00:00Z,Fulham,Burnley,0.8363290429115295,0.09512752294540405,0.0685434341430664,0,0,0,0.23064121272054125
soccer:epl:2026-03-21:everton:chelsea,2026-03-21T17:30:00Z,Everton,Chelsea,0.3210448920726776,0.15316198766231537,0.5257930755615234,2,0,0,0.2785145888594165
soccer:epl:2026-03-21:leeds:brentford,2026-03-21T20:00:00Z,Leeds,Brentford,0.2483711987733841,0.20050355792045593,0.5511252284049988,2,1,1,0.2744350667029676
soccer:epl:2026-03-22:newcastle:sunderland,2026-03-22T12:00:00Z,Newcastle,Sunderland,0.5524479746818542,0.16131186485290527,0.2862400710582733,0,2,0,0.2383671139023694
soccer:epl:2026-03-22:aston-villa:west-ham,2026-03-22T14:15:00Z,Aston Villa,West Ham,0.18029560148715973,0.1361367404460907,0.6835676431655884,2,0,0,0.26360725720384204
soccer:epl:2026-03-22:tottenham:nottm-forest,2026-03-22T14:15:00Z,Tottenham,Nott'm Forest,0.6595333218574524,0.11279239505529404,0.22767435014247894,0,2,0,0.27982899339292655
soccer:epl:2026-04-10:west-ham:wolves,2026-04-10T19:00:00Z,West Ham,Wolves,0.42506885528564453,0.21108603477478027,0.3638451099395752,0,0,0,0.2507076685537828
soccer:epl:2026-04-11:arsenal:bournemouth,2026-04-11T11:30:00Z,Arsenal,Bournemouth,0.8217104077339172,0.13239169120788574,0.04589798301458359,0,2,0,0.21164021164021163
soccer:epl:2026-04-11:brentford:everton,2026-04-11T14:00:00Z,Brentford,Everton,0.7479343414306641,0.10054967552423477,0.15151597559452057,0,1,1,0.28754298815437523
soccer:epl:2026-04-11:burnley:brighton,2026-04-11T14:00:00Z,Burnley,Brighton,0.06030230596661568,0.4464615285396576,0.4932361841201782,2,2,0,0.238036997401009
soccer:epl:2026-04-11:liverpool:fulham,2026-04-11T16:30:00Z,Liverpool,Fulham,0.3580712378025055,0.21292643249034882,0.4290023744106293,2,0,0,0.22575070209548498
soccer:epl:2026-04-12:crystal-palace:newcastle,2026-04-12T13:00:00Z,Crystal Palace,Newcastle,0.5392903685569763,0.164411261677742,0.2962982952594757,0,0,0,0.2606635071090047
soccer:epl:2026-04-12:nottm-forest:aston-villa,2026-04-12T13:00:00Z,Nott'm Forest,Aston Villa,0.5184594988822937,0.28545960783958435,0.19608092308044434,0,1,1,0.28760631834750905
soccer:epl:2026-04-12:sunderland:tottenham,2026-04-12T13:00:00Z,Sunderland,Tottenham,0.6791675686836243,0.12680412828922272,0.19402827322483063,0,0,0,0.2967032967032967
soccer:epl:2026-04-12:chelsea:man-city,2026-04-12T15:30:00Z,Chelsea,Man City,0.4014546573162079,0.39897558093070984,0.19956974685192108,0,2,0,0.250422693969566
soccer:epl:2026-04-13:man-united:leeds,2026-04-13T19:00:00Z,Man United,Leeds,0.8171532154083252,0.035841669887304306,0.1470051407814026,0,2,0,0.22983939617501845
soccer:epl:2026-04-18:brentford:fulham,2026-04-18T11:30:00Z,Brentford,Fulham,0.46000444889068604,0.29375240206718445,0.24624313414096832,0,1,1,0.25383542538354253
soccer:epl:2026-04-18:leeds:wolves,2026-04-18T14:00:00Z,Leeds,Wolves,0.3804553747177124,0.2219972163438797,0.3975473940372467,2,0,0,0.24475800094592468
soccer:epl:2026-04-18:newcastle:bournemouth,2026-04-18T14:00:00Z,Newcastle,Bournemouth,0.5071855783462524,0.22328639030456543,0.26952803134918213,0,2,0,0.2533936651583711
soccer:epl:2026-04-18:tottenham:brighton,2026-04-18T16:30:00Z,Tottenham,Brighton,0.1196184754371643,0.22330957651138306,0.6570720076560974,2,1,1,0.25307557117750434
soccer:epl:2026-04-18:chelsea:man-united,2026-04-18T19:00:00Z,Chelsea,Man United,0.4527852237224579,0.15442782640457153,0.39278697967529297,0,2,0,0.27139552814186585
soccer:epl:2026-04-19:aston-villa:sunderland,2026-04-19T13:00:00Z,Aston Villa,Sunderland,0.47535452246665955,0.16192041337490082,0.3627251386642456,0,0,0,0.2546261002148451
soccer:epl:2026-04-19:everton:liverpool,2026-04-19T13:00:00Z,Everton,Liverpool,0.4635334312915802,0.35189998149871826,0.18456657230854034,0,2,0,0.27971753628874063
soccer:epl:2026-04-19:nottm-forest:burnley,2026-04-19T13:00:00Z,Nott'm Forest,Burnley,0.7429970502853394,0.12208077311515808,0.13492220640182495,0,0,0,0.2272727272727273
soccer:epl:2026-04-19:man-city:arsenal,2026-04-19T15:30:00Z,Man City,Arsenal,0.8099595308303833,0.1094808578491211,0.08055965602397919,0,0,0,0.25622562256225623
soccer:epl:2026-04-20:crystal-palace:west-ham,2026-04-20T19:00:00Z,Crystal Palace,West Ham,0.3540947139263153,0.3497820794582367,0.296123206615448,0,1,1,0.2961387171871237
soccer:epl:2026-04-21:brighton:chelsea,2026-04-21T19:00:00Z,Brighton,Chelsea,0.5355096459388733,0.16731713712215424,0.2971731722354889,0,0,0,0.2705410821643286
soccer:epl:2026-04-22:bournemouth:leeds,2026-04-22T19:00:00Z,Bournemouth,Leeds,0.3772558569908142,0.377724289894104,0.24501988291740417,1,1,1,0.26865671641791045
soccer:epl:2026-04-22:burnley:man-city,2026-04-22T19:00:00Z,Burnley,Man City,0.03241659328341484,0.11973243206739426,0.8478509783744812,2,2,0,0.10595144097907619
soccer:epl:2026-04-24:sunderland:nottm-forest,2026-04-24T19:00:00Z,Sunderland,Nott'm Forest,0.5633164644241333,0.2591039836406708,0.17757952213287354,0,2,0,0.2967032967032967
soccer:epl:2026-04-25:fulham:aston-villa,2026-04-25T11:30:00Z,Fulham,Aston Villa,0.20909956097602844,0.2889869511127472,0.5019134283065796,2,0,0,0.26465678090935874
soccer:epl:2026-04-25:liverpool:crystal-palace,2026-04-25T14:00:00Z,Liverpool,Crystal Palace,0.6897079944610596,0.21338249742984772,0.0969095230102539,0,0,0,0.1896733403582719
soccer:epl:2026-04-25:west-ham:everton,2026-04-25T14:00:00Z,West Ham,Everton,0.4109908938407898,0.17556063830852509,0.4134484529495239,2,0,0,0.27862289831865494
soccer:epl:2026-04-25:wolves:tottenham,2026-04-25T14:00:00Z,Wolves,Tottenham,0.15588456392288208,0.4538078010082245,0.3903076648712158,1,2,0,0.21953720447195677
soccer:epl:2026-04-25:arsenal:newcastle,2026-04-25T16:30:00Z,Arsenal,Newcastle,0.7753329873085022,0.15919548273086548,0.06547150760889053,0,0,0,0.1985757326759792
soccer:epl:2026-04-27:man-united:brentford,2026-04-27T19:00:00Z,Man United,Brentford,0.5534655451774597,0.1937503218650818,0.2527840733528137,0,0,0,0.24974687816402294
soccer:epl:2026-05-01:leeds:burnley,2026-05-01T19:00:00Z,Leeds,Burnley,0.731779158115387,0.23223210871219635,0.035988640040159225,0,0,0,0.18918918918918923
soccer:epl:2026-05-02:brentford:west-ham,2026-05-02T14:00:00Z,Brentford,West Ham,0.46795108914375305,0.23393161594867706,0.2981172800064087,0,0,0,0.2523117569352708
soccer:epl:2026-05-02:newcastle:brighton,2026-05-02T14:00:00Z,Newcastle,Brighton,0.7132319808006287,0.09966228902339935,0.1871057152748108,0,0,0,0.25365853658536586
soccer:epl:2026-05-02:wolves:sunderland,2026-05-02T14:00:00Z,Wolves,Sunderland,0.022820498794317245,0.6765078902244568,0.3006715774536133,1,1,1,0.28120950323974087
soccer:epl:2026-05-02:arsenal:fulham,2026-05-02T16:30:00Z,Arsenal,Fulham,0.8175758123397827,0.13659514486789703,0.04582905396819115,0,0,0,0.2161921021250311
soccer:epl:2026-05-03:bournemouth:crystal-palace,2026-05-03T13:00:00Z,Bournemouth,Crystal Palace,0.5521758198738098,0.15633372962474823,0.29149049520492554,0,0,0,0.2182108431661685
soccer:epl:2026-05-03:man-united:liverpool,2026-05-03T14:30:00Z,Man United,Liverpool,0.7457820773124695,0.13759788870811462,0.1166200265288353,0,0,0,0.24789339604154412
soccer:epl:2026-05-03:aston-villa:tottenham,2026-05-03T18:00:00Z,Aston Villa,Tottenham,0.8996685743331909,0.06521707028150558,0.035114385187625885,0,2,0,0.2631981637337414
soccer:epl:2026-05-04:chelsea:nottm-forest,2026-05-04T14:00:00Z,Chelsea,Nott'm Forest,0.22353452444076538,0.08262164890766144,0.6938438415527344,2,2,0,0.23837638376383766
soccer:epl:2026-05-04:everton:man-city,2026-05-04T19:00:00Z,Everton,Man City,0.19535984098911285,0.3151845633983612,0.48945552110671997,2,1,1,0.19883165161975572
soccer:epl:2026-05-09:liverpool:chelsea,2026-05-09T11:30:00Z,Liverpool,Chelsea,0.6541922688484192,0.11288351565599442,0.2329241931438446,0,1,1,0.23744884719033837
soccer:epl:2026-05-09:brighton:wolves,2026-05-09T14:00:00Z,Brighton,Wolves,0.6078166961669922,0.32599326968193054,0.06619007140398026,0,0,0,0.15199521274920477
soccer:epl:2026-05-09:fulham:bournemouth,2026-05-09T14:00:00Z,Fulham,Bournemouth,0.760132908821106,0.098355233669281,0.14151188731193542,0,2,0,0.26252983293556087
soccer:epl:2026-05-09:sunderland:man-united,2026-05-09T14:00:00Z,Sunderland,Man United,0.23257732391357422,0.43465784192085266,0.3327648341655731,1,1,1,0.2507167057597081
soccer:epl:2026-05-09:man-city:brentford,2026-05-09T16:30:00Z,Man City,Brentford,0.8076795339584351,0.13827896118164062,0.054041456431150436,0,0,0,0.16530647681889218
soccer:epl:2026-05-10:burnley:aston-villa,2026-05-10T13:00:00Z,Burnley,Aston Villa,0.117953360080719,0.24680626392364502,0.635240375995636,2,1,1,0.2187107004210181
soccer:epl:2026-05-10:crystal-palace:everton,2026-05-10T13:00:00Z,Crystal Palace,Everton,0.350894570350647,0.1565375030040741,0.49256786704063416,2,1,1,0.28760631834750905
soccer:epl:2026-05-10:nottm-forest:newcastle,2026-05-10T13:00:00Z,Nott'm Forest,Newcastle,0.44861823320388794,0.1511017382144928,0.40028002858161926,0,1,1,0.26530612244897966
soccer:epl:2026-05-10:west-ham:arsenal,2026-05-10T15:30:00Z,West Ham,Arsenal,0.6167294979095459,0.1525508463382721,0.2307196855545044,0,2,0,0.22528633671632445
soccer:epl:2026-05-11:tottenham:leeds,2026-05-11T19:00:00Z,Tottenham,Leeds,0.36354804039001465,0.3283948600292206,0.30805703997612,0,1,1,0.23074595248903015
soccer:epl:2026-05-13:man-city:crystal-palace,2026-05-13T19:00:00Z,Man City,Crystal Palace,0.9175175428390503,0.05301491171121597,0.0294675063341856,0,0,0,0.12698412698412698
soccer:epl:2026-05-15:aston-villa:liverpool,2026-05-15T19:00:00Z,Aston Villa,Liverpool,0.5745474100112915,0.21951988339424133,0.20593275129795074,0,0,0,0.2680203045685279
soccer:epl:2026-05-17:man-united:nottm-forest,2026-05-17T11:30:00Z,Man United,Nott'm Forest,0.46239611506462097,0.12720978260040283,0.4103941023349762,0,0,0,0.22598870056497172
soccer:epl:2026-05-17:brentford:crystal-palace,2026-05-17T14:00:00Z,Brentford,Crystal Palace,0.4399079382419586,0.16917242109775543,0.39091968536376953,0,1,1,0.22739042403674234
soccer:epl:2026-05-17:everton:sunderland,2026-05-17T14:00:00Z,Everton,Sunderland,0.19695599377155304,0.2617934048175812,0.5412505865097046,2,2,0,0.25320403489108717
soccer:epl:2026-05-17:leeds:brighton,2026-05-17T14:00:00Z,Leeds,Brighton,0.6408281326293945,0.2625437378883362,0.09662817418575287,0,0,0,0.2631981637337414
soccer:epl:2026-05-17:wolves:fulham,2026-05-17T14:00:00Z,Wolves,Fulham,0.018446363508701324,0.15293219685554504,0.8286214470863342,2,1,1,0.25
soccer:epl:2026-05-17:newcastle:west-ham,2026-05-17T16:30:00Z,Newcastle,West Ham,0.32236576080322266,0.16427116096019745,0.5133630633354187,2,0,0,0.2501861504095309
soccer:epl:2026-05-18:arsenal:burnley,2026-05-18T19:00:00Z,Arsenal,Burnley,0.7511377930641174,0.15126581490039825,0.09759634733200073,0,0,0,0.08643039371164588
soccer:epl:2026-05-19:bournemouth:man-city,2026-05-19T18:30:00Z,Bournemouth,Man City,0.4002656936645508,0.2699374258518219,0.3297969698905945,0,1,1,0.21953720447195677
soccer:epl:2026-05-19:chelsea:tottenham,2026-05-19T19:15:00Z,Chelsea,Tottenham,0.2799319922924042,0.2562245726585388,0.4638434052467346,2,0,0,0.257341256132108
soccer:epl:2026-05-24:brighton:man-united,2026-05-24T15:00:00Z,Brighton,Man United,0.4905116856098175,0.16441898047924042,0.34506937861442566,0,2,0,0.2253807106598985
soccer:epl:2026-05-24:burnley:wolves,2026-05-24T15:00:00Z,Burnley,Wolves,0.006354104727506638,0.3122437000274658,0.6814022064208984,2,1,1,0.2705438666137356
soccer:epl:2026-05-24:crystal-palace:arsenal,2026-05-24T15:00:00Z,Crystal Palace,Arsenal,0.17598704993724823,0.1765124499797821,0.6475005149841309,2,2,0,0.23595505617977527
soccer:epl:2026-05-24:fulham:newcastle,2026-05-24T15:00:00Z,Fulham,Newcastle,0.3765164613723755,0.13712246716022491,0.4863610863685608,2,0,0,0.24948024948024947
soccer:epl:2026-05-24:liverpool:brentford,2026-05-24T15:00:00Z,Liverpool,Brentford,0.4449911415576935,0.33979910612106323,0.2152097523212433,0,1,1,0.225296442687747
soccer:epl:2026-05-24:man-city:aston-villa,2026-05-24T15:00:00Z,Man City,Aston Villa,0.56817626953125,0.26467084884643555,0.16715286672115326,0,2,0,0.15828220858895706
soccer:epl:2026-05-24:nottm-forest:bournemouth,2026-05-24T15:00:00Z,Nott'm Forest,Bournemouth,0.2455005943775177,0.35867026448249817,0.39582908153533936,2,1,1,0.2521666200726866
soccer:epl:2026-05-24:sunderland:chelsea,2026-05-24T15:00:00Z,Sunderland,Chelsea,0.37654978036880493,0.09089580178260803,0.5325543880462646,2,0,0,0.2631578947368421
soccer:epl:2026-05-24:tottenham:everton,2026-05-24T15:00:00Z,Tottenham,Everton,0.4555092751979828,0.28808435797691345,0.25640636682510376,0,0,0,0.25315219476465356
soccer:epl:2026-05-24:west-ham:leeds,2026-05-24T15:00:00Z,West Ham,Leeds,0.3952037990093231,0.1492784321308136,0.4555177390575409,2,0,0,0.23647209203238176
soccer:epl:2026-08-21:arsenal:coventry,2026-08-21T19:00:00Z,Arsenal,Coventry,0.904308021068573,0.04190127179026604,0.05379069969058037,0,0,0,0.13565217391304346
soccer:epl:2026-08-22:hull:man-united,2026-08-22T11:30:00Z,Hull,Man United,0.4185597002506256,0.26145195960998535,0.31998834013938904,0,0,0,0.18994413407821234
soccer:epl:2026-08-22:everton:crystal-palace,2026-08-22T14:00:00Z,Everton,Crystal Palace,0.3714146614074707,0.12443581223487854,0.5041495561599731,2,0,0,0.2711119602598395
soccer:epl:2026-08-22:ipswich:sunderland,2026-08-22T14:00:00Z,Ipswich,Sunderland,0.015642259269952774,0.4539676904678345,0.5303900837898254,2,0,0,0.28760631834750905
soccer:epl:2026-08-22:nottm-forest:leeds,2026-08-22T14:00:00Z,Nott'm Forest,Leeds,0.6432381868362427,0.12205759435892105,0.2347041517496109,0,2,0,0.2797175362887407
soccer:epl:2026-08-22:brentford:tottenham,2026-08-22T16:30:00Z,Brentford,Tottenham,0.6051933765411377,0.053885165601968765,0.340921550989151,0,0,0,0.25725979341259014
soccer:epl:2026-08-23:brighton:aston-villa,2026-08-23T13:00:00Z,Brighton,Aston Villa,0.47742992639541626,0.15243196487426758,0.37013810873031616,0,0,0,0.2581032412965186
soccer:epl:2026-08-23:man-city:bournemouth,2026-08-23T13:00:00Z,Man City,Bournemouth,0.6998703479766846,0.17122304439544678,0.12890666723251343,0,0,0,0.2100601794027478
soccer:epl:2026-08-23:newcastle:liverpool,2026-08-23T15:30:00Z,Newcastle,Liverpool,0.4423924386501312,0.1406024694442749,0.41700512170791626,0,1,1,0.25316455696202533
soccer:epl:2026-08-24:fulham:chelsea,2026-08-24T19:00:00Z,Fulham,Chelsea,0.7515699863433838,0.057699766010046005,0.1907302588224411,0,2,0,0.24657534246575338
soccer:epl:2026-08-28:crystal-palace:man-city,2026-08-28T19:00:00Z,Crystal Palace,Man City,0.19973978400230408,0.19525331258773804,0.6050068736076355,2,2,0,0.24299391787678612
soccer:epl:2026-08-29:liverpool:nottm-forest,2026-08-29T11:30:00Z,Liverpool,Nott'm Forest,0.2801026403903961,0.24366427958011627,0.47623303532600403,2,1,1,0.2090909090909091
soccer:epl:2026-08-29:bournemouth:everton,2026-08-29T14:00:00Z,Bournemouth,Everton,0.45057058334350586,0.15614032745361328,0.3932889997959137,0,1,1,0.27177315411526415
soccer:epl:2026-08-29:coventry:hull,2026-08-29T14:00:00Z,Coventry,Hull,0.3129991292953491,0.14542163908481598,0.5415792465209961,2,2,0,0.2720763723150358
soccer:epl:2026-08-29:tottenham:newcastle,2026-08-29T16:30:00Z,Tottenham,Newcastle,0.3692215383052826,0.28941577672958374,0.34136268496513367,0,2,0,0.2525399129172714
soccer:epl:2026-08-30:chelsea:brighton,2026-08-30T13:00:00Z,Chelsea,Brighton,0.4657076895236969,0.09036193042993546,0.44393032789230347,0,0,0,0.23890339425587467
soccer:epl:2026-08-30:leeds:brentford,2026-08-30T13:00:00Z,Leeds,Brentford,0.6585564613342285,0.1580342948436737,0.1834092140197754,0,1,1,0.2864137086903305
soccer:epl:2026-08-30:sunderland:fulham,2026-08-30T13:00:00Z,Sunderland,Fulham,0.5206736922264099,0.12973611056804657,0.3495901823043823,0,0,0,0.2971246006389776
soccer:epl:2026-08-30:man-united:ipswich,2026-08-30T15:30:00Z,Man United,Ipswich,0.9075438976287842,0.057598914951086044,0.034857235848903656,0,0,0,0.19100691775557263
soccer:epl:2026-08-31:aston-villa:arsenal,2026-08-31T19:00:00Z,Aston Villa,Arsenal,0.44599923491477966,0.17052221298217773,0.3834785521030426,0,2,0,0.22919631488278033
