time_s,source_time_s,stimulus,fit_mask,WT_mean,WT_SE,KD_mean,KD_SE,WT_model,KD_model
0.0,0.0,0.0,1,0.00790014285714286,0.00313260044147074,0.00530388888888889,0.00830130615800985,0.0,0.0
0.03333333333333333,0.03,0.0,1,0.00899475714285714,0.00302918277842943,-0.00498311111111111,0.00715204994204157,0.0,0.0
0.06666666666666667,0.07,0.0,1,0.00702235714285714,0.00256092247417992,-0.00297388888888889,0.0047915214947413,0.0,0.0
0.1,0.1,0.0,1,0.00749,0.00297513302131274,-0.00993366666666667,0.00670462035962266,0.0,0.0
0.13333333333333333,0.13,0.0,1,0.0099005,0.00418817085982639,0.00164066666666667,0.00337829844991035,0.0,0.0
0.16666666666666666,0.17,0.0,1,0.00996507142857143,0.00347201706974124,0.00545288888888889,0.00606374164019315,0.0,0.0
0.2,0.2,0.0,1,0.0104072142857143,0.00352323327119863,0.000721333333333333,0.00324941167751949,0.0,0.0
0.23333333333333334,0.23,0.0,1,0.00775328571428571,0.00354159671637143,0.00417155555555556,0.00319960734618376,0.0,0.0
0.26666666666666666,0.27,0.0,1,0.00586352142857143,0.00402811696554997,0.000592666666666666,0.00470208963298943,0.0,0.0
0.3,0.3,0.0,1,0.00573921428571429,0.00402217012686371,-0.00117288888888889,0.00275083378998504,0.0,0.0
0.3333333333333333,0.33,0.0,1,0.00719428571428572,0.0040957578528674,0.00358533333333333,0.00667218086327268,0.0,0.0
0.36666666666666664,0.37,0.0,1,0.00664871428571428,0.0030399624427057,0.00473188888888889,0.00806014819522646,0.0,0.0
0.4,0.4,0.0,1,0.00676792857142857,0.00398016589397522,0.0164327777777778,0.00994134390336328,0.0,0.0
0.43333333333333335,0.43,0.0,1,0.00560435714285714,0.00401571609615442,0.0157234444444444,0.00888851045531238,0.0,0.0
0.4666666666666667,0.47,0.0,1,0.00799228571428571,0.00524682734636006,0.007077,0.00611817462111408,0.0,0.0
0.5,0.5,0.0,1,0.00953135714285714,0.00539930908747189,0.001786,0.00277444919959099,0.0,0.0
0.5333333333333333,0.53,0.0,1,0.0100527142857143,0.00545182599456726,0.00372122222222222,0.00296799272693861,0.0,0.0
0.5666666666666667,0.57,0.0,1,0.00756707142857143,0.00593005730979134,0.00264188888888889,0.00439795498702536,0.0,0.0
0.6,0.6,0.0,1,0.00516528571428571,0.00520013606270486,0.00435311111111111,0.00731137529326818,0.0,0.0
0.6333333333333333,0.63,0.0,1,0.00758371428571429,0.005511605190318,0.00793322222222222,0.00969008060076812,0.0,0.0
0.6666666666666666,0.67,0.0,1,0.0101088571428571,0.00562196325242499,0.00994766666666667,0.012968914445276,0.0,0.0
0.7,0.7,0.0,1,0.00781142857142857,0.006216017114366,0.00840344444444444,0.0101516068023615,0.0,0.0
0.7333333333333333,0.73,0.0,1,0.0108496428571429,0.00609482715600836,0.0125435555555556,0.0119319338845515,0.0,0.0
0.7666666666666666,0.77,0.0,1,0.00971192857142857,0.00576636059967998,0.0201097777777778,0.0121021443528935,0.0,0.0
0.8,0.8,0.0,1,0.0102966428571429,0.00554957534719049,0.0162496666666667,0.0134260476489629,0.0,0.0
0.8333333333333334,0.83,0.0,1,0.00821178571428571,0.00521518610625176,0.00701922222222222,0.0102361677464135,0.0,0.0
0.8666666666666667,0.87,0.0,1,0.00545292857142857,0.00509799871255711,0.0129992222222222,0.00659628176992702,0.0,0.0
0.9,0.9,0.0,1,0.00590514285714286,0.00507801804468696,0.0126826666666667,0.0105931920079203,0.0,0.0
0.9333333333333333,0.93,0.0,1,0.00444357142857143,0.00460358199847038,0.0110135555555556,0.00732355385821648,0.0,0.0
0.9666666666666667,0.97,0.0,1,0.00374092857142857,0.00423591716973294,0.00861877777777778,0.0109749142767821,0.0,0.0
1.0,1.0,0.0,1,0.00612164285714286,0.00450947350257302,0.00954711111111111,0.0118251627348967,0.0,0.0
1.0333333333333332,1.03,0.0,1,0.00321542857142857,0.00389614224489618,0.00932577777777778,0.00760367109029466,0.0,0.0
1.0666666666666667,1.07,0.0,1,0.00497428571428572,0.0044084329258652,0.00679577777777778,0.0125570661689586,0.0,0.0
1.1,1.1,0.0,1,0.002826,0.00441513450070784,0.00729844444444445,0.0108619894639149,0.0,0.0
1.1333333333333333,1.13,0.0,1,0.008002,0.00373743807622633,0.0265228888888889,0.0121901372684419,0.0,0.0
1.1666666666666667,1.17,0.0,1,0.00967657142857143,0.00413754571132982,0.0244145555555556,0.00883691559141271,0.0,0.0
1.2,1.2,0.0,1,0.00798542857142857,0.00464580267460487,0.0152962222222222,0.0074718347307624,0.0,0.0
1.2333333333333334,1.23,0.0,1,0.00637228571428571,0.00508885079367768,0.0104294444444444,0.00757022227236998,0.0,0.0
1.2666666666666666,1.27,0.0,1,0.00988771428571429,0.00488857076062449,0.0135614888888889,0.0056980869830839,0.0,0.0
1.3,1.3,0.0,1,0.0117209285714286,0.00457281620307225,0.000869333333333333,0.00321058005749048,0.0,0.0
1.3333333333333333,1.33,0.0,1,0.00953707142857143,0.00492853396884156,0.00651944444444444,0.00669009415336318,0.0,0.0
1.3666666666666667,1.37,0.0,1,0.0104261428571429,0.00508216539993301,0.00903355555555556,0.0108445144723946,0.0,0.0
1.4,1.4,0.0,1,0.0103808571428571,0.00492319287072792,0.024129,0.0150684932714662,0.0,0.0
1.4333333333333333,1.43,0.0,1,0.0123287857142857,0.00651646677354788,0.013749,0.0100687280257019,0.0,0.0
1.4666666666666666,1.47,0.0,1,0.018548053,0.0072022727972904,0.0222792222222222,0.00961534083693833,0.0,0.0
1.5,1.5,0.0,1,0.02030689,0.00716888308749765,0.0181297777777778,0.00922727036316474,0.0,0.0
1.5333333333333332,1.53,0.0,1,0.0203545,0.00826227667035379,0.0222595555555556,0.0143262325871799,0.0,0.0
1.5666666666666667,1.57,0.0,1,0.0177787714285714,0.0106251059133463,0.0182966666666667,0.0108105310590081,0.0,0.0
1.6,1.6,0.0,1,0.0219687142857143,0.0110311579874087,0.0126667777777778,0.0106741378142293,0.0,0.0
1.6333333333333333,1.63,0.0,1,0.0208977857142857,0.0115750262516867,0.0135385555555556,0.0107697565175602,0.0,0.0
1.6666666666666667,1.67,0.0,1,0.0203789285714286,0.01148490092025,0.0203593333333333,0.0172924069078502,0.0,0.0
1.7,1.7,0.0,1,0.0182970714285714,0.0110575886186839,0.015636,0.015164453555565,0.0,0.0
1.7333333333333334,1.73,0.0,1,0.0202371428571429,0.0102611477534538,0.015485,0.0143626814155451,0.0,0.0
1.7666666666666666,1.77,0.0,1,0.0197565714285714,0.00890844190056608,0.0103626666666667,0.0124264487183588,0.0,0.0
1.8,1.8,0.0,1,0.0141546285714286,0.00762696552289374,0.0131218888888889,0.0144953076990495,0.0,0.0
1.8333333333333333,1.83,0.0,1,0.0150102142857143,0.00761502321988088,0.0153666666666667,0.0138611994370377,0.0,0.0
1.8666666666666667,1.87,0.0,1,0.00943978571428571,0.00686613871860023,0.0245414444444444,0.0181554790529464,0.0,0.0
1.9,1.9,0.0,1,0.0127872857142857,0.00640574297226228,0.0302014444444444,0.0146068764705295,0.0,0.0
1.9333333333333333,1.93,0.0,1,0.00998985714285714,0.00551050685514753,0.0189741111111111,0.0112232472839049,0.0,0.0
1.9666666666666666,1.97,0.0,1,0.0106285714285714,0.00558836682556541,0.0127948888888889,0.00866954916558917,0.0,0.0
2.0,2.0,0.0,1,0.01092,0.00526072375520436,0.00803822222222222,0.0138469647253446,0.0,0.0
2.033333333333333,2.03,0.0,1,0.00715907142857143,0.00431383116160291,0.00738255555555556,0.0109084543030103,0.0,0.0
2.0666666666666664,2.07,0.0,1,0.0102592142857143,0.00430634069457893,-0.00246855555555556,0.0090970895973369,0.0,0.0
2.1,2.1,0.0,1,0.0102013571428571,0.00589537852116137,-0.00408855555555556,0.00456149208992187,0.0,0.0
2.1333333333333333,2.13,0.0,1,0.0133633571428571,0.00589041620538023,0.0173480222222222,0.00895437558034211,0.0,0.0
2.1666666666666665,2.17,0.0,1,0.0144831428571429,0.00638431449060223,0.0216002222222222,0.0140205157515076,0.0,0.0
2.2,2.2,0.0,1,0.0149211428571429,0.00610073346505295,0.0168424444444444,0.0127857490754259,0.0,0.0
2.2333333333333334,2.23,0.0,1,0.0179652142857143,0.00602506698715994,0.0129212222222222,0.00921891712244415,0.0,0.0
2.2666666666666666,2.27,0.0,1,0.0155684285714286,0.00567338397934426,0.0155425222222222,0.0124875055981722,0.0,0.0
2.3,2.3,0.0,1,0.0136838571428571,0.00648066131974872,0.0149402222222222,0.0102154953145506,0.0,0.0
2.3333333333333335,2.33,0.0,1,0.0123452857142857,0.0056894451721892,0.00635233333333333,0.0110470271767768,0.0,0.0
2.3666666666666667,2.37,0.0,1,0.01271755,0.00522964821430248,0.00609322222222222,0.00842580483590239,0.0,0.0
2.4,2.4,0.0,1,0.0132965714285714,0.0055472405522127,0.00951288888888889,0.0114201443394805,0.0,0.0
2.433333333333333,2.43,0.0,1,0.0112380714285714,0.00525811257289894,0.00944433333333333,0.0083283223267221,0.0,0.0
2.466666666666667,2.47,0.0,1,0.0148010714285714,0.00528074881102122,0.00341566666666667,0.00515379918388152,0.0,0.0
2.5,2.5,0.0,1,0.0138437142857143,0.00462328971220184,0.00176966666666667,0.00525951812061819,0.0,0.0
2.533333333333333,2.53,0.0,1,0.0178521428571429,0.0046566044175694,0.00744566666666667,0.00574667331302787,0.0,0.0
2.5666666666666664,2.57,0.0,1,0.0140857142857143,0.00332078319642771,0.00212255555555556,0.00723570997843165,0.0,0.0
2.6,2.6,0.0,1,0.0118362857142857,0.00348986901172455,0.0138074444444444,0.0087085752472158,0.0,0.0
2.6333333333333333,2.63,0.0,1,0.017613,0.00640370946842874,0.0136391111111111,0.00795557300374406,0.0,0.0
2.6666666666666665,2.67,0.0,1,0.0209551428571429,0.00904820896724394,0.0224032222222222,0.00946228926050048,0.0,0.0
2.7,2.7,0.0,1,0.0261420714285714,0.0103808887736252,0.00795445555555555,0.00889755675541686,0.0,0.0
2.7333333333333334,2.73,0.0,1,0.0227249285714286,0.00931968688543047,0.0101562222222222,0.0119661640084515,0.0,0.0
2.7666666666666666,2.77,0.0,1,0.0220528642857143,0.00939549500504614,0.00258866666666667,0.0104245484354639,0.0,0.0
2.8,2.8,0.0,1,0.0175413571428571,0.00786931964371912,0.00223355555555556,0.0101406185052862,0.0,0.0
2.8333333333333335,2.83,0.0,1,0.0182882857142857,0.0071736210708711,-0.000312777777777777,0.0102390879826306,0.0,0.0
2.8666666666666667,2.87,0.0,1,0.0171857857142857,0.00691792314970751,0.00444766666666667,0.0137371861535275,0.0,0.0
2.9,2.9,0.0,1,0.0150425,0.00584870241620282,0.00098011111111111,0.0150076130971403,0.0,0.0
2.933333333333333,2.93,0.0,1,0.0158443571428571,0.00581635759440671,0.00424677777777778,0.0155153199100274,0.0,0.0
2.966666666666667,2.97,0.0,1,0.0161732857142857,0.00571526658490903,0.00321774444444444,0.0136630889148781,0.0,0.0
3.0,3.0,0.0,1,0.021391,0.00615328157959655,0.00756233333333333,0.0183139731891314,0.0,0.0
3.033333333333333,3.03,0.0,1,0.0205513571428571,0.00550899025929449,0.00957866666666667,0.0191109189942701,0.0,0.0
3.0666666666666664,3.07,0.0,1,0.0166912857142857,0.00580521838703705,-0.000426333333333334,0.0230093306369636,0.0,0.0
3.1,3.1,0.0,1,0.0125925,0.00611448016870743,-0.00464888888888889,0.0186334937302611,0.0,0.0
3.1333333333333333,3.13,0.0,1,0.013715,0.00576201379632251,0.00201922222222222,0.0174194436213434,0.0,0.0
3.1666666666666665,3.17,0.0,1,0.0122413571428571,0.00575125706622793,-0.000735222222222221,0.0173895435749138,0.0,0.0
3.2,3.2,0.0,1,0.0111472142857143,0.00585222364160948,0.00630444444444444,0.0204394639186272,0.0,0.0
3.2333333333333334,3.23,0.0,1,0.0117304285714286,0.0065539987766167,-0.000697111111111109,0.0189426661368841,0.0,0.0
3.2666666666666666,3.27,0.0,1,0.00879485714285714,0.00589669089811232,-0.00381422222222222,0.0149371150557352,0.0,0.0
3.3,3.3,0.0,1,0.00949542857142857,0.00579264317310554,-0.00530144444444445,0.0134486095451363,0.0,0.0
3.3333333333333335,3.33,0.0,1,0.014464,0.00529539078345032,0.00205955555555555,0.0193290525362091,0.0,0.0
3.3666666666666667,3.37,0.0,1,0.0155073571428571,0.00453608603810967,0.0111854444444444,0.0205414885145156,0.0,0.0
3.4,3.4,0.0,1,0.0161483571428571,0.00490821343988901,0.01718,0.0234726253295432,0.0,0.0
3.433333333333333,3.43,0.0,1,0.0127784285714286,0.00435492790305607,0.0115433333333333,0.0202169788221298,0.0,0.0
3.466666666666667,3.47,0.0,1,0.018521,0.00538916050874447,0.00970355555555556,0.0211630590364641,0.0,0.0
3.5,3.5,0.0,1,0.0193618571428571,0.00509303704905487,0.00616188888888889,0.0224338368928404,0.0,0.0
3.533333333333333,3.53,0.0,1,0.019165,0.00477911611902461,0.0108005555555556,0.0229013598117079,0.0,0.0
3.5666666666666664,3.57,0.0,1,0.0211145714285714,0.00548809736513193,0.00527388888888889,0.0204998503920316,0.0,0.0
3.6,3.6,1.0,1,0.0193629142857143,0.005245633201461,0.0228227777777778,0.0212213135987134,0.0,0.0
3.6333333333333333,3.63,1.0,1,0.0143242857142857,0.00468590617437431,0.0432403333333333,0.03706412473898,0.07481780819337915,0.07481780819337915
3.6666666666666665,3.67,1.0,1,0.0262837142857143,0.00673914228770549,0.183737888888889,0.0804105802633591,0.14525215726827231,0.14525215726827231
3.6999999999999997,3.7,1.0,1,0.0536948571428572,0.0218464833189469,0.248514888888889,0.0855299802160759,0.21104889354047623,0.2115492019831229
3.7333333333333334,3.73,1.0,1,0.122584142857143,0.051900819590689,0.387002777777778,0.128860718770175,0.2720036496075981,0.2739272318825155
3.7666666666666666,3.77,1.0,1,0.157410785714286,0.0652883335909172,0.446855111111111,0.142934130057388,0.32797612727685105,0.3325813115525917
3.8,3.8,1.0,1,0.227025285714286,0.092101130638347,0.542034666666667,0.172042715974599,0.3788990227017989,0.3876872211904075
3.8333333333333335,3.83,1.0,1,0.252162,0.101881099764479,0.567364777777778,0.179321882397252,0.42473048856329476,0.43940480631699813
3.8666666666666667,3.87,1.0,1,0.295950714285714,0.120239299463745,0.623524444444444,0.195364991298702,0.4655268321228546,0.4878808239543138
3.9,3.9,1.0,1,0.312941285714286,0.123791148935778,0.650349666666667,0.188438513899318,0.5014450707100047,0.5332513559478148
3.933333333333333,3.93,1.0,1,0.370781571428571,0.128706838416208,0.696650333333333,0.186813060992206,0.5327920440293573,0.5756438472446253
3.966666666666667,3.97,1.0,1,0.412824642857143,0.129426698195916,0.704405222222222,0.176525840438036,0.5598866984699954,0.615178816989536
4.0,4.0,1.0,1,0.471184857142857,0.129217225709305,0.774961777777778,0.165279985896305,0.5832130160299068,0.6519712826278544
4.033333333333333,4.03,1.0,1,0.503320357142857,0.12641706999268,0.769382777777778,0.156943805845505,0.6030212359102771,0.686131931297539
4.066666666666666,4.07,1.0,1,0.548531785714286,0.123084480761381,0.801557333333333,0.147421884291874,0.6198269243607462,0.7177680682523475
4.1,4.1,1.0,1,0.562487357142857,0.119741477944559,0.787333666666667,0.135249884868096,0.6335556550639146,0.7469843685633044
4.133333333333333,4.13,1.0,1,0.5979385,0.11583242422378,0.838242777777778,0.131304618439208,0.6445461052066915,0.773883455641239
4.166666666666667,4.17,1.0,1,0.598089285714286,0.112555554911099,0.845422666666667,0.124901713789283,0.6530824583129261,0.7985663280020978
4.2,4.2,1.0,1,0.618338142857143,0.110296376871285,0.861661888888889,0.128000226034028,0.6594029067765161,0.8211326539935581
4.233333333333333,4.23,1.0,1,0.619585428571429,0.108193856230923,0.859494,0.121706180113784,0.6636700668164094,0.8416809527842335
4.266666666666667,4.27,1.0,1,0.645632785714286,0.107455200836921,0.873204555555556,0.125240602659232,0.6663751380135636,0.8603086786821841
4.3,4.3,1.0,1,0.641474714285714,0.104982174782011,0.871773333333333,0.11641507139661,0.6678556077311592,0.877112224718633
4.333333333333333,4.33,1.0,1,0.651259214285714,0.104055459538408,0.883503555555556,0.12087171069167,0.6680573207662909,0.8921868603480338
4.366666666666666,4.37,1.0,1,0.641483214285714,0.100278374538038,0.885342111111111,0.112572604799876,0.6668905664323134,0.9056266170372641
4.4,4.4,1.0,1,0.651523357142857,0.100681743816929,0.912997888888889,0.113133428211196,0.6646369690300641,0.9175241344205353
4.433333333333334,4.43,1.0,1,0.642555571428571,0.0983255727267928,0.891959222222222,0.109696143984541,0.6614142254429776,0.9279704785711327
4.466666666666667,4.47,1.0,1,0.647904214285714,0.0987769345484166,0.910810444444444,0.110129714402446,0.6574568676714538,0.9370549427852678
4.5,4.5,1.0,1,0.645553928571428,0.0976886181267327,0.896878777777778,0.0997503655146154,0.6525510535763571,0.9448648400939224
4.533333333333333,4.53,1.0,1,0.648690571428571,0.0980452323166702,0.939114,0.093997089503257,0.6467906290975403,0.9514852955281546
4.566666666666666,4.57,1.0,1,0.632641928571428,0.0952009230498505,0.940269888888889,0.0928517126129142,0.6407068770588211,0.9569990449780692
4.6,4.6,1.0,1,0.631875857142857,0.0930859079831818,0.967151777777778,0.0888309087891112,0.6340719847656743,0.9614862463234971
4.633333333333333,4.63,1.0,1,0.618279071428571,0.0920040827979314,0.970859222222222,0.0831861197576087,0.6269608279203179,0.9650243073935858
4.666666666666667,4.67,1.0,1,0.613713714285714,0.091609462876382,0.979415888888889,0.0822796138370801,0.6195737564246647,0.9676877342500487
4.7,4.7,1.0,1,0.599288357142857,0.0897916457004775,0.968923444444444,0.0812152506197285,0.6121983695807374,0.9695480022998652
4.733333333333333,4.73,1.0,1,0.599506785714286,0.0900928610739855,0.964575555555556,0.0861175945371456,0.6044458056689332,0.9706734518400276
4.766666666666667,4.77,1.0,1,0.596683642857143,0.0880578754445556,0.956186666666667,0.0809449143155737,0.5966026740314906,0.9711292088286854
4.8,4.8,1.0,1,0.592982142857143,0.0882785712082488,0.958450777777778,0.0881134679767101,0.5887535393556032,0.9709771309695554
4.833333333333333,4.83,1.0,1,0.581461357142857,0.0863862406808729,0.952633555555555,0.0844789593485515,0.5808215870948363,0.9702757785923402
4.866666666666666,4.87,1.0,1,0.582507,0.088212125643465,0.981237777777778,0.0788718179665898,0.5730641230610363,0.9690804093106631
4.9,4.9,1.0,1,0.569293428571428,0.0854709944690264,0.970661111111111,0.07410875660332,0.5652499506741984,0.9674429950375754
4.933333333333334,4.93,1.0,1,0.561200785714286,0.0842993621693948,0.998030222222222,0.0765720873994963,0.5575923856473304,0.9654122596315846
4.966666666666667,4.97,1.0,1,0.553268214285714,0.0840115502373791,0.966042,0.0771251826091845,0.5500219046583991,0.9630337352263165
5.0,5.0,1.0,1,0.552915714285714,0.0841782030397699,0.965215555555555,0.0796399756170282,0.5425708245180327,0.960349835155843
5.033333333333333,5.03,1.0,1,0.542258857142857,0.0840836457387089,0.948158777777778,0.0803851832774513,0.5352427156016019,0.9573999413161713
5.066666666666666,5.07,1.0,1,0.543514428571428,0.0827012420010325,0.941540777777778,0.0851492921125688,0.5280302024191863,0.9542205037917331
5.1,5.1,1.0,1,0.533772285714286,0.0813643323067239,0.942098777777778,0.0804710298412793,0.5209488658924168,0.9508451506142549
5.133333333333333,5.13,1.0,1,0.531828571428571,0.0799943483327646,0.956923888888889,0.0764400497760324,0.5141399949570177,0.9473048056007283
5.166666666666667,5.17,1.0,1,0.520689714285714,0.0779133380414609,0.955548222222222,0.0716229783825183,0.5075085877700535,0.9436278123285056
5.2,5.2,1.0,1,0.520672928571429,0.0773783248323602,0.949614777777778,0.084400707601493,0.5010478208217837,0.9398400624406386
5.233333333333333,5.23,1.0,1,0.510146357142857,0.0749164349516434,0.931354444444445,0.0824770375574502,0.49469245847893595,0.9359651266261254
5.266666666666667,5.27,1.0,1,0.507064357142857,0.0750649336889865,0.919486111111111,0.0888594419003726,0.4885357971237259,0.9320243867813686
5.3,5.3,1.0,1,0.498542,0.072681294106077,0.902456222222222,0.0878853579779392,0.48277850677908957,0.9280371680252824
5.333333333333333,5.33,1.0,1,0.496292785714286,0.0723459839610166,0.921010222222222,0.0960117051090036,0.47731709879404277,0.9240208694066167
5.366666666666666,5.37,1.0,1,0.492911571428571,0.0702886474320856,0.909131111111111,0.0936855081720583,0.472168659124827,0.9199910923043867
5.4,5.4,1.0,1,0.490868071428571,0.0707235575692982,0.921549,0.0950435085981095,0.4672720663090689,0.9159617656779317
5.433333333333334,5.43,1.0,1,0.481932642857143,0.0701547770577147,0.897084222222222,0.0988524978403257,0.46254618237214523,0.9119452674698453
5.466666666666667,5.47,1.0,1,0.482672928571429,0.0689938777586891,0.892500333333333,0.0989165761791218,0.4580458451404683,0.907952541601287
5.5,5.5,1.0,1,0.475163428571429,0.0688630355922166,0.883760333333333,0.101562480137434,0.45374380638518397,0.9039932101239773
5.533333333333333,5.53,1.0,1,0.477840142857143,0.0687705140797249,0.891107777777778,0.0982241933577039,0.4495650541242054,0.9000756802059825
5.566666666666666,5.57,1.0,1,0.469039428571429,0.0674445668471128,0.883505111111111,0.0994697509031495,0.445512124155597,0.8962072457290489
5.6,5.6,1.0,1,0.463392071428571,0.0654573455032724,0.892082222222222,0.0988345885522846,0.4415868119845583,0.8923941833639355
5.633333333333333,5.63,1.0,1,0.457660071428571,0.0645881255367096,0.880852666666667,0.0945247732197756,0.43779021447036776,0.8886418430672883
5.666666666666667,5.67,1.0,1,0.458552785714286,0.0645490957980251,0.888963777777778,0.0935542238374471,0.43412278562910467,0.8849547330097398
5.7,5.7,1.0,1,0.446634642857143,0.0630754907838382,0.883975222222222,0.0915313858401979,0.43058439506021884,0.8813365990007688
5.733333333333333,5.73,1.0,1,0.441073285714286,0.0631377130151618,0.898919333333333,0.0950975909538312,0.42717438589348616,0.8777904985222383
5.766666666666667,5.77,1.0,1,0.434440714285714,0.0618115141853347,0.871595888888889,0.0931285384144237,0.4238916309719346,0.8743188695203066
5.8,5.8,1.0,1,0.4360835,0.062245807686251,0.880087888888889,0.0945594115906687,0.42073458660790675,0.8709235941353878
5.833333333333333,5.83,1.0,1,0.435171214285714,0.060869851363938,0.865827222222222,0.094651641154519,0.41770134353442073,0.8676060575729376
5.866666666666666,5.87,1.0,1,0.434091928571428,0.0605132598393008,0.880781,0.0921605484331555,0.4148051563487337,0.8643672023348216
5.9,5.9,1.0,1,0.426292928571429,0.0595953555460863,0.875113555555556,0.0930295573026108,0.4120377505050435,0.8612075780427261
5.933333333333334,5.93,1.0,1,0.423375428571429,0.0584840576061014,0.881613666666667,0.0872173031133221,0.4093837151765783,0.8581273870921907
5.966666666666667,5.97,1.0,1,0.417740214285714,0.058345047898204,0.867037,0.0882896221927835,0.4068402275600301,0.8551265263790737
6.0,6.0,1.0,1,0.422469642857143,0.0591997473724569,0.861640777777778,0.0911325054197302,0.40440432051221575,0.8522046253402418
6.033333333333333,6.03,1.0,1,0.415721,0.0591368288110225,0.864359888888889,0.0871413836002296,0.4020729093823583,0.8493610805475257
6.066666666666666,6.07,1.0,1,0.415716285714286,0.0600900292095146,0.863891333333334,0.0864351835979486,0.39984281869631466,0.8465950870890601
6.1,6.1,1.0,1,0.412497142857143,0.0590525383008017,0.856844777777778,0.08440553086123,0.39771080696537414,0.8439056669654185
6.133333333333333,6.13,1.0,1,0.415365571428572,0.0576157641903552,0.871942444444444,0.0828667883659457,0.3956776655217069,0.8412916947199007
6.166666666666667,6.17,1.0,1,0.409674714285714,0.0564579514199035,0.853425666666667,0.0799742971026038,0.3937388373745076,0.8387519205132374
6.2,6.2,1.0,1,0.405320214285714,0.0561387599001157,0.873101333333333,0.0821802713350013,0.3918862810679326,0.836284990843154
6.233333333333333,6.23,1.0,1,0.398100857142857,0.0552255014322006,0.859048555555555,0.0812088376955623,0.3901168011478929,0.8338894670989306
6.266666666666667,6.27,1.0,1,0.397953571428571,0.0551310121274284,0.873380222222222,0.0802492099841308,0.3884272301811574,0.8315638421305115
6.3,6.3,1.0,1,0.386134071428571,0.0540451759494934,0.864788888888889,0.080698874581414,0.3868144388521348,0.8293065550010355
6.333333333333333,6.33,1.0,1,0.391518428571429,0.053124221496839,0.876054222222222,0.0786625412215897,0.3852753455225044,0.8271160040810307
6.366666666666666,6.37,1.0,1,0.388165642857143,0.0522870785232946,0.860775555555555,0.081961830893531,0.38380802086638305,0.8249905586320427
6.4,6.4,1.0,1,0.389688357142857,0.0522873905272536,0.880214555555556,0.0755086961577773,0.38240980391893903,0.8229285690172486
6.433333333333334,6.43,1.0,1,0.379481,0.0527420018774786,0.873550222222222,0.0762588031415204,0.3810776935483588,0.8209283756667397
6.466666666666667,6.47,1.0,1,0.383753,0.051416842380854,0.860200444444444,0.0756267233251048,0.37980876617676923,0.8189883169156402
6.5,6.5,1.0,1,0.379416071428571,0.0522813513736556,0.850127222222222,0.0765666822476363,0.3786001804306095,0.817106735824171
6.533333333333333,6.53,1.0,1,0.385447285714286,0.0540002711218701,0.862352888888889,0.0785566672855483,0.37744918065989835,0.8152819860801324
6.566666666666666,6.57,1.0,1,0.379308928571429,0.0532504064189685,0.835438888888889,0.0794087840833473,0.3763540768364699,0.813512437076143
6.6,6.6,1.0,1,0.381744642857143,0.0529642678314235,0.85093,0.0817188312443616,0.37531284137868437,0.8117964782462725
6.633333333333333,6.63,1.0,1,0.376612571428571,0.0512225837638772,0.848852666666667,0.0763114510391095,0.3743228455488453,0.8101325227395239
6.666666666666667,6.67,1.0,1,0.375263642857143,0.0495779929188729,0.862071888888889,0.073471071235072,0.37338155962678193,0.8085190105008708
6.7,6.7,1.0,1,0.371869142857143,0.0497860556820085,0.845911333333333,0.0737612664076179,0.3724865531572564,0.8069544108242958
6.733333333333333,6.73,1.0,1,0.367211428571429,0.050029042739557,0.857678666666667,0.0746075253554671,0.3716354944454498,0.8054372244364312
6.766666666666667,6.77,1.0,1,0.366273571428571,0.050587413966421,0.840162111111111,0.0782080264823396,0.37082614952384607,0.8039659851640234
6.8,6.8,1.0,1,0.368713714285714,0.0500219971494332,0.838369222222222,0.0757660281784539,0.3700563807043421,0.8025392612334302
6.833333333333333,6.83,1.0,1,0.361253785714286,0.0491999618054862,0.831601555555555,0.075059002715477,0.36932414479350145,0.8011556562457761
6.866666666666666,6.87,1.0,1,0.360756428571428,0.0497636518112394,0.824660666666667,0.073169239078925,0.36862749103209536,0.7998138098671478
6.8999999999999995,6.9,1.0,1,0.358728071428571,0.0499704959149209,0.830327111111111,0.0723210150552621,0.3679645588099811,0.7985123982693363
6.933333333333334,6.93,1.0,1,0.362231071428571,0.0492604348418413,0.827659888888889,0.0709545710148487,0.3673335752002271,0.7972501343530627
6.966666666666667,6.97,1.0,1,0.359568928571429,0.0486646469938709,0.806668111111111,0.0695963736927364,0.36673285235079295,0.7960257677823808
7.0,7.0,1.0,1,0.358771142857143,0.0492025774842877,0.81724,0.0714732250115772,0.3661607847674034,0.7948380848559734
7.033333333333333,7.03,1.0,1,0.3533255,0.050626193124646,0.797805333333333,0.0738373717798861,0.36561584651721574,0.7936859082383538
7.066666666666666,7.07,1.0,1,0.357316,0.0515941457239967,0.807927666666667,0.0747945696248138,0.36509658837931125,0.7925680965715288
7.1,7.1,1.0,1,0.358031571428571,0.0512730471461976,0.795638444444444,0.0732071999855568,0.3646016349648441,0.7914835439854369
7.133333333333333,7.13,1.0,1,0.358734357142857,0.0494550177186918,0.810135444444444,0.0707542839902665,0.36412968182681343,0.7904311795234548
7.166666666666667,7.17,1.0,1,0.353208142857143,0.0499627067679569,0.803890777777778,0.0696027564194715,0.36367949257682397,0.7894099664974301
7.2,7.2,1.0,1,0.349456285714286,0.0490824267360673,0.808103777777778,0.0702704753347494,0.36324989602385704,0.7884189017850418
7.233333333333333,7.23,1.0,1,0.351722285714286,0.0496903679100656,0.798176888888889,0.0714943050054113,0.36284046571651685,0.78745701508079
7.266666666666667,7.27,1.0,1,0.354218642857143,0.0489616338165374,0.788777,0.0682333366259566,0.3624507404705774,0.7865233681105783
7.3,7.3,1.0,1,0.347608857142857,0.048959027436479,0.782025111111111,0.0694620493961839,0.36207958687722874,0.7856170538186282
7.333333333333333,7.33,1.0,1,0.348634857142857,0.0484873899979326,0.775846444444445,0.0686297335180102,0.3617272138769324,0.7847371955343877
7.366666666666666,7.37,1.0,1,0.346612714285714,0.0478281147414259,0.782061555555556,0.0659719248824643,0.3613924692109424,0.7838829461261083
7.3999999999999995,7.4,1.0,1,0.352791857142857,0.0497639605243028,0.795092555555556,0.0635550297046037,0.36107523738155667,0.783053487146902
7.433333333333334,7.43,1.0,1,0.347036071428571,0.0488405738526673,0.794009777777778,0.0625098875616176,0.360774650056227,0.7822480279782961
7.466666666666667,7.47,1.0,1,0.346079642857143,0.0492547197714586,0.794227666666667,0.0669314975655045,0.3604896225258366,0.7814658049756156
7.5,7.5,1.0,1,0.342323785714286,0.0489468256615546,0.774303444444444,0.0634334516214766,0.36021913931316973,0.7807060806188956
7.533333333333333,7.53,1.0,1,0.344369928571429,0.0512905105016667,0.788057555555556,0.0657641207832353,0.35996225068959264,0.7799681426724759
7.566666666666666,7.57,1.0,1,0.345192428571429,0.0511670982062009,0.775340888888889,0.0642082823096152,0.35971870315284077,0.7792513033559363
7.6,7.6,1.0,1,0.345935,0.0506130284206753,0.792134777777778,0.0640424321213806,0.35948805197582284,0.7785548985285997
7.633333333333333,7.63,1.0,1,0.341670357142857,0.0512523653607578,0.786163222222222,0.0691287826436961,0.3592699910960618,0.777878286889444
7.666666666666667,7.67,1.0,1,0.340797928571429,0.048836726217044,0.795705111111111,0.0643009319993465,0.3590640728120397,0.7772208491939239
7.7,7.7,1.0,1,0.340554285714286,0.0492123681127869,0.782125333333333,0.067029341428462,0.35886940771459397,0.7765819874889055
7.733333333333333,7.73,1.0,1,0.342314642857143,0.048202769779819,0.785999111111111,0.0604788853568941,0.3586853727331899,0.7759611243666573
7.766666666666667,7.77,1.0,1,0.336113928571429,0.0476604748829786,0.771569777777778,0.0652197928160312,0.35851275975904884,0.7753577022386082
7.8,7.8,1.0,1,0.338097214285714,0.0480489297576866,0.782765444444444,0.0651250379080957,0.3583507679728119,0.7747711826293866
7.833333333333333,7.83,1.0,1,0.331306857142857,0.047912837933758,0.779512,0.0661238084101835,0.35819853366271853,0.7742010454914764
7.866666666666666,7.87,1.0,1,0.335044285714286,0.0489192641708325,0.782013222222222,0.0642605767102406,0.3580552579378573,0.773646788540684
7.8999999999999995,7.9,1.0,1,0.3311565,0.0476360604708667,0.774382888888889,0.0607643017391435,0.35792089325654347,0.7731079266124673
7.933333333333334,7.93,1.0,1,0.333972285714286,0.0484654015927154,0.787028666666667,0.0598861172975194,0.35779483797408346,0.7725839910390812
7.966666666666667,7.97,1.0,1,0.334726,0.048143060412474,0.774794111111111,0.0602511827436802,0.35767637105300015,0.7720745290473877
8.0,8.0,1.0,1,0.3374945,0.0493023100375754,0.784084333333333,0.0628680570867363,0.35756482872579426,0.7715791031771063
8.033333333333333,8.03,1.0,1,0.337226857142857,0.049864803399105,0.757985333333333,0.0645970088039427,0.35746028341593983,0.7710972907192046
8.066666666666666,8.07,1.0,1,0.341440857142857,0.0514353548970263,0.767053777777778,0.0660162696671935,0.35736217372417234,0.7706286831740841
8.1,8.1,1.0,1,0.338246571428571,0.0524004036784755,0.766144888888889,0.0653511150809067,0.3572700722209464,0.7701728857291598
8.133333333333333,8.13,1.0,1,0.340805357142857,0.0521361932733839,0.784230555555556,0.0624358219243105,0.35718394604472326,0.7697295167553991
8.166666666666666,8.17,1.0,1,0.338759928571429,0.0519465795992388,0.776469555555555,0.0644122770156158,0.3571032111995344,0.769298207322358
8.2,8.2,1.0,1,0.343253642857143,0.0503654084949563,0.766048777777778,0.058204064608157,0.3570273332552779,0.7688786007312244
8.233333333333333,8.23,1.0,1,0.336164785714286,0.050349577339385,0.758607444444445,0.0616267745755562,0.3569566882735517,0.7684703520653672
8.266666666666666,8.27,1.0,1,0.342438357142857,0.0504344289106671,0.753221666666667,0.0613792934259773,0.35689113340801776,0.7680731277578728
8.3,8.3,1.0,1,0.339407857142857,0.05066203392932,0.754079666666667,0.0623086798610576,0.3568301190694605,0.7676866051755463
8.333333333333334,8.33,1.0,1,0.341125928571429,0.0516446688180279,0.761103,0.061203795580376,0.3567731439797071,0.7673104722188502
8.366666666666667,8.37,1.0,1,0.337087,0.0505791526212048,0.753804555555556,0.0575990323544568,0.35671975209833895,0.7669444269372522
8.4,8.4,1.0,1,0.333124,0.0504443775230928,0.776801111111111,0.0573078628409856,0.35666952950928565,0.7665881771594574
8.433333333333334,8.43,1.0,1,0.332254428571428,0.0505164050658504,0.738828888888889,0.0562321315615616,0.35662210138529105,0.7662414401380032
8.466666666666667,8.47,1.0,1,0.330373857142857,0.0513882458744543,0.728819,0.0538986023989077,0.3565771290754419,0.765903942207704
8.5,8.5,1.0,1,0.330173642857143,0.051845454218018,0.712899333333333,0.0531191326025232,0.3565343073349151,0.765575418457439
8.533333333333333,8.53,1.0,1,0.333245714285714,0.0508427774948352,0.737201,0.0503633198868759,0.35649336170466395,0.7652556124147889
8.566666666666666,8.57,1.0,1,0.330673357142857,0.0514733224006642,0.739968888888889,0.0520781228685555,0.3564540460428956,0.7649442757430328
8.6,8.6,1.0,1,0.333765785714286,0.0526974424414515,0.751601666666667,0.0473205203397241,0.3564161402068644,0.764641167950037
8.633333333333333,8.63,0.0,0,0.334604785714286,0.0524936260211477,0.738682111111111,0.0501191439927688,0.35637944788150516,0.764346056108571
8.666666666666666,8.67,0.0,0,0.357104642857143,0.0498152265193234,0.776331888888889,0.0450648650032634,0.30069036563239054,0.6892409063942248
8.7,8.7,0.0,0,0.374582857142857,0.0480421244424462,0.805181333333333,0.0461179949576807,0.25451139181842686,0.6216601143747884
8.733333333333333,8.73,0.0,0,0.398097071428571,0.0500641798444717,0.831455777777778,0.0480991199153655,0.21867055617545333,0.5608787587488401
8.766666666666666,8.77,0.0,0,0.398391071428571,0.0519529675837997,0.833968444444444,0.0507169425504904,0.18988851594607428,0.506229123085937
8.8,8.8,0.0,0,0.410630357142857,0.0558673255976626,0.841198444444444,0.0547162010253085,0.16547354401590164,0.4570999074875832
8.833333333333334,8.83,0.0,0,0.406074285714286,0.0564655817408657,0.830523222222222,0.0589391651384377,0.1445413120620766,0.4129342355535533
8.866666666666667,8.87,0.0,0,0.410305071428571,0.0580649244138053,0.843204333333333,0.0550436455324316,0.1263355285014745,0.3732268673169707
8.9,8.9,0.0,0,0.398695071428571,0.0583732378810649,0.829583222222222,0.0551471675344908,0.11007859135624723,0.33752093152566887
8.933333333333334,8.93,0.0,0,0.394699714285714,0.0586581437543672,0.81887,0.0568481989878892,0.09556898705751879,0.3054044111343041
8.966666666666667,8.97,0.0,0,0.389913071428571,0.0600660883014723,0.787120222222222,0.0629366831618135,0.08262686910572992,0.27650655230606447
9.0,9.0,0.0,0,0.381175142857143,0.0595587258847972,0.774899555555555,0.0595800851511157,0.07109113152661492,0.25049431737769706
9.033333333333333,9.03,0.0,0,0.369420714285714,0.0599825956096487,0.759704777777778,0.0628551921442759,0.06081719243392323,0.22706896384175299
9.066666666666666,9.07,0.0,0,0.364860785714286,0.0624297025319018,0.751312555555556,0.0626022451809638,0.051675199373513135,0.2059628023206946
9.1,9.1,0.0,0,0.359621071428571,0.0650880921019094,0.741231222222222,0.0650388461384549,0.043548504435148086,0.18693616487119863
9.133333333333333,9.13,0.0,0,0.352885071428571,0.0641839691899164,0.736033111111111,0.0597319569941054,0.03647137313151374,0.1697745991657953
9.166666666666666,9.17,0.0,0,0.343128285714286,0.0637568365272365,0.723449333333333,0.0627141191093892,0.030213862190901913,0.1542862928303401
9.2,9.2,0.0,0,0.336502928571429,0.062594449875216,0.695046888888889,0.0620215564341331,0.024702627029896257,0.14029972439816982
9.233333333333333,9.23,0.0,0,0.323119214285714,0.062187991357222,0.677283888888889,0.0622667188680734,0.020055658824264758,0.12766153212182446
9.266666666666666,9.27,0.0,0,0.317043928571429,0.063258352329425,0.679170777777778,0.0575284078088522,0.016039990872354897,0.1162345885911795
9.3,9.3,0.0,0,0.310154642857143,0.062531512990362,0.665382222222222,0.0565263095469165,0.012497847992278923,0.10589626722367344
9.333333333333334,9.33,0.0,0,0.305195714285714,0.0634870837573731,0.675864333333333,0.0525735178017942,0.009426521786238781,0.09653688582037832
9.366666666666667,9.37,0.0,0,0.296238142857143,0.0635033953856321,0.660150777777778,0.0513251597699461,0.006883448260970288,0.08805831221961995
9.4,9.4,0.0,0,0.288942357142857,0.0643107752098712,0.675333333333333,0.0504711657632356,0.004811308150980859,0.08037271740186616
9.433333333333334,9.43,0.0,0,0.283450285714286,0.0650944296123268,0.657487333333333,0.0552071542377235,0.003125961340807138,0.0734014620383271
9.466666666666667,9.47,0.0,0,0.276702785714286,0.0631072821383719,0.644426777777778,0.0543598830715205,0.001786996065292643,0.06707410330872679
9.5,9.5,0.0,0,0.273215357142857,0.0623271253003415,0.626378666666667,0.0573820771113343,0.0008714952914333044,0.06132750975275112
9.533333333333333,9.53,0.0,0,0.269698714285714,0.0629882718238591,0.608288222222222,0.0538445506955434,0.00020604969245594638,0.056105072902256074
9.566666666666666,9.57,0.0,0,0.263764214285714,0.0623772793130357,0.598978333333333,0.0543914148265452,0.0,0.05135600542418981
9.6,9.6,0.0,0,0.264414071428571,0.0633489004062929,0.592649,0.0535288548941389,0.0,0.047034716458355844
9.633333333333333,9.63,0.0,0,0.256601714285714,0.0631225907519287,0.582438,0.0561127238531709,0.0,0.04310025574107611
9.666666666666666,9.67,0.0,0,0.2487875,0.0620397784942261,0.584699222222222,0.0551356575854747,0.0,0.03951581895451252
9.7,9.7,0.0,0,0.245113571428571,0.0598783573577715,0.577163222222222,0.0537458374299758,0.0,0.036248307526272325
9.733333333333333,9.73,0.0,0,0.242421857142857,0.0593939737824365,0.577893555555556,0.0528708599453818,0.0,0.03326793682312176
9.766666666666666,9.77,0.0,0,0.241056214285714,0.0581565458614027,0.568662888888889,0.0525709073097799,0.0,0.030547887336902533
9.8,9.8,0.0,0,0.233809357142857,0.0565407526850632,0.579707,0.0505350881321859,0.0,0.028063994052516316
9.833333333333334,9.83,0.0,0,0.2284975,0.0572730215113644,0.563524777777778,0.0541659642387217,0.0,0.02579446972059613
9.866666666666667,9.87,0.0,0,0.221953285714286,0.0554170694963668,0.575039111111111,0.0536082107621907,0.0,0.02371965823530327
9.9,9.9,0.0,0,0.223646142857143,0.0563829898531343,0.562614333333333,0.0572424951895686,0.0,0.021821814744925495
9.933333333333334,9.93,0.0,0,0.221733714285714,0.0551880258139976,0.541268222222222,0.0500463504940332,0.0,0.020084909504013315
9.966666666666667,9.97,0.0,0,0.214551571428571,0.0557569329912457,0.523083777777778,0.0506377188348702,0.0,0.01849445281498019
10.0,10.0,0.0,0,0.207354785714286,0.0554722194298596,0.504047888888889,0.0501327117086473,0.0,0.017037338708518503
10.033333333333333,10.03,0.0,0,0.2048485,0.0542213677815964,0.488803111111111,0.0533762417280605,0.0,0.01570170527970045
10.066666666666666,10.07,0.0,0,0.211499642857143,0.0568933860594917,0.486558888888889,0.0486995164382348,0.0,0.014476809833810902
10.1,10.1,0.0,0,0.209407285714286,0.0552378362892393,0.479875,0.0469727042898912,0.0,0.013352917206068949
10.133333333333333,10.13,0.0,0,0.2046975,0.054665847139615,0.492685111111111,0.0510611704016871,0.0,0.012321199805413194
10.166666666666666,10.17,0.0,0,0.204634928571429,0.0530965869586121,0.472906777777778,0.0516932558726575,0.0,0.011373648097142105
10.2,10.2,0.0,0,0.197593,0.0531496228520832,0.477416333333333,0.0524120699094631,0.0,0.010502990384834399
10.233333333333333,10.23,0.0,0,0.195642785714286,0.0511806179448992,0.461113444444444,0.0509954871238926,0.0,0.009702620880792205
10.266666666666666,10.27,0.0,0,0.191419428571429,0.0501104083732863,0.454962777777778,0.0534317772940353,0.0,0.008966535168185956
10.3,10.3,0.0,0,0.183818071428571,0.0504145308659485,0.438407777777778,0.0514690215592991,0.0,0.008289272258856254
10.333333333333334,10.33,0.0,0,0.182012285714286,0.0465381415916763,0.436653111111111,0.0512313019434203,0.0,0.007665862539874362
10.366666666666667,10.37,0.0,0,0.183158285714286,0.0482942067847868,0.431107666666667,0.0539037712899365,0.0,0.007091780980835166
10.4,10.4,0.0,0,0.178461714285714,0.0460555097536011,0.420638777777778,0.0498728422144697,0.0,0.006562905043655517
10.433333333333334,10.43,0.0,0,0.173723714285714,0.0453207199360424,0.412767666666667,0.051565545886872,0.0,0.006075476798438311
10.466666666666667,10.47,0.0,0,0.171061428571429,0.0445634198510509,0.396980333333333,0.0478519936496903,0.0,0.005626068803676671
10.5,10.5,0.0,0,0.165161,0.0434994039337714,0.400054333333333,0.0488154672001838,0.0,0.005211553357541017
10.533333333333333,10.53,0.0,0,0.166251,0.045448667170462,0.399870666666667,0.0494447617021033,0.0,0.004829074769945546
10.566666666666666,10.57,0.0,0,0.1681445,0.0443427529240953,0.392319555555556,0.0481644323703565,0.0,0.0044760243431737345
10.6,10.6,0.0,0,0.170478357142857,0.0459720901602155,0.408054555555556,0.0562255845212221,0.0,0.004150017782623171
10.633333333333333,10.63,0.0,0,0.170451428571429,0.0445539895950074,0.398181555555555,0.0552194965511657,0.0,0.0038488747892091923
10.666666666666666,10.67,0.0,0,0.166437785714286,0.0443760374848758,0.401403444444444,0.0518626661112765,0.0,0.003570600611585592
10.7,10.7,0.0,0,0.166921642857143,0.0424193232727582,0.388236,0.0502196441859823,0.0,0.0033133693599885793
10.733333333333333,10.73,0.0,0,0.164499928571429,0.0410348202850857,0.394575222222222,0.0479828079905761,0.0,0.003075508904529831
10.766666666666666,10.77,0.0,0,0.159355857142857,0.0401067448321526,0.378970666666667,0.0474213471623745,0.0,0.002855487199458589
10.8,10.8,0.0,0,0.156855285714286,0.0391406397457682,0.377333666666667,0.0474741907689501,0.0,0.0026518998915479436
10.833333333333334,10.83,0.0,0,0.158455285714286,0.0399253252734592,0.367071222222222,0.0485744962685546,0.0,0.0024634590855719123
10.866666666666667,10.87,0.0,0,0.155986714285714,0.0386288416224538,0.381768555555556,0.0492888927300933,0.0,0.0022889831530352803
10.9,10.9,0.0,0,0.152695214285714,0.0371053881381274,0.370486888888889,0.0478984043330384,0.0,0.002127387482080764
10.933333333333334,10.93,0.0,0,0.152159,0.0362717186283301,0.356634222222222,0.0461420256026548,0.0,0.0019776760769894073
10.966666666666667,10.97,0.0,0,0.145871214285714,0.0359903362293694,0.350288444444444,0.0485269004485345,0.0,0.001838933925053494
11.0,11.0,0.0,0,0.146882,0.0364287380829844,0.356884777777778,0.0471817206761903,0.0,0.0017103200569625737
11.033333333333333,11.03,0.0,0,0.141827428571429,0.0356105421669684,0.351481333333333,0.0472621069224596,0.0,0.0015910612343144725
11.066666666666666,11.07,0.0,0,0.138492714285714,0.0369840153792978,0.361945888888889,0.0469667727164773,0.0,0.0014804462045428994
11.1,11.1,0.0,0,0.135813214285714,0.037078283622891,0.347865111111111,0.0484808736967605,0.0,0.0013778204695290238
11.133333333333333,11.13,0.0,0,0.1348335,0.0371139931557396,0.346182111111111,0.0464710286219168,0.0,0.0012825815195135395
11.166666666666666,11.17,0.0,0,0.132842,0.0363862448164984,0.32847,0.0432004963413488,0.0,0.0011941744887168145
11.2,11.2,0.0,0,0.129741,0.0335840217363706,0.316031111111111,0.0459975213726676,0.0,0.0011120881933685252
11.233333333333333,11.23,0.0,0,0.126443142857143,0.033182986494945,0.308265111111111,0.0460037234786624,0.0,0.0010358515166986018
11.266666666666666,11.27,0.0,0,0.125413285714286,0.0323829257764007,0.307094222222222,0.047985450429959,0.0,0.000965030108896164
11.3,11.3,0.0,0,0.124169214285714,0.0326239339845509,0.302627666666667,0.0453983376454714,0.0,0.0008992233731448987
11.333333333333334,11.33,0.0,0,0.123677142857143,0.0313747394544336,0.317517777777778,0.0471800657271862,0.0,0.0008380617116297005
11.366666666666667,11.37,0.0,0,0.120678785714286,0.0308636572085629,0.316916888888889,0.0508838085531484,0.0,0.0007812040079139101
11.4,11.4,0.0,0,0.120898642857143,0.0298252040313586,0.306686888888889,0.0491220309027665,0.0,0.0007283353243389543
11.433333333333334,11.43,0.0,0,0.116954928571429,0.0295246186259044,0.299171333333333,0.0501057328079554,0.0,0.0006791647951251344
11.466666666666667,11.47,0.0,0,0.117712785714286,0.0291491351993519,0.297168,0.0530448916037162,0.0,0.0006334236976773393
11.5,11.5,0.0,0,0.116449928571429,0.0290077049206473,0.280870444444444,0.0503327462775123,0.0,0.0005908636862436498
11.533333333333333,11.53,0.0,0,0.115685571428571,0.0296175222807683,0.291323333333333,0.0543391453251398,0.0,0.000551255173556844
11.566666666666666,11.57,0.0,0,0.1117265,0.028845182581154,0.271133444444444,0.0522418969028029,0.0,0.0005143858474255137
11.6,11.6,0.0,0,0.113933,0.0305076035733915,0.283517333333333,0.0524903632390958,0.0,0.00048005931044770814
11.633333333333333,11.63,0.0,0,0.111853857142857,0.0315373336173294,0.267844777777778,0.0516241728429236,0.0,0.00044809383210911804
11.666666666666666,11.67,0.0,0,0.111356071428571,0.0290146715324673,0.27685,0.0493592248554749,0.0,0.0004183212035116774
11.7,11.7,0.0,0,0.110981214285714,0.0292922596080776,0.271368888888889,0.0496305196366231,0.0,0.00039058568586774377
11.733333333333333,11.73,0.0,0,0.110816571428571,0.0283766449646079,0.277004333333333,0.047921896714863,0.0,0.00036474304469923786
11.766666666666666,11.77,0.0,0,0.108734,0.0280032273877828,0.277033666666667,0.0473050612449544,0.0,0.00034065966240880006
11.8,11.8,0.0,0,0.113976785714286,0.0267640071196535,0.280166444444444,0.0515072012789127,0.0,0.00031821172254878555
11.833333333333334,11.83,0.0,0,0.111354714285714,0.0258704336875232,0.271234333333333,0.0559403669348491,0.0,0.00029728445971059867
11.866666666666667,11.87,0.0,0,0.108125214285714,0.0252710813199373,0.260009888888889,0.0502766808253876,0.0,0.0002777714694975919
11.9,11.9,0.0,0,0.106533142857143,0.0244646337997215,0.253669555555556,0.0504753223246852,0.0,0.000259574073535022
11.933333333333334,11.93,0.0,0,0.110529071428571,0.0247908336198189,0.245684222222222,0.0462348730324542,0.0,0.00024260073491529088
11.966666666666667,11.97,0.0,0,0.109269,0.0244049563253401,0.224926111111111,0.0427999707205392,0.0,0.00022676651988033314
12.0,12.0,0.0,0,0.107507857142857,0.023574178066582,0.235894444444444,0.0445513080828383,0.0,0.00021199260190952148
12.033333333333333,12.03,0.0,0,0.105347142857143,0.0230089473487452,0.224445666666667,0.0432991502203629,0.0,0.00019820580471442605
12.066666666666666,12.07,0.0,0,0.107707642857143,0.0241812234328615,0.237940111111111,0.0432630687655458,0.0,0.00018533818094438914
12.1,12.1,0.0,0,0.109161,0.0247864623991351,0.228384555555556,0.0412533152769134,0.0,0.00017332662368206898
12.133333333333333,12.13,0.0,0,0.106952642857143,0.0236166910932392,0.248359333333333,0.0454003993377567,0.0,0.00016211250805845922
12.166666666666666,12.17,0.0,0,0.101852928571429,0.0242902597008507,0.239523444444444,0.0409770453282862,0.0,0.0001516413605447602
12.2,12.2,0.0,0,0.100284714285714,0.0234766021797408,0.235054888888889,0.0462421858730521,0.0,0.00014186255368596923
12.233333333333333,12.23,0.0,0,0.098631,0.021886094980227,0.225684222222222,0.0447512372059818,0.0,0.0001327290242300883
12.266666666666666,12.27,0.0,0,0.102875928571429,0.0226407274323164,0.229924,0.0473531558425624,0.0,0.00012419701277912665
12.3,12.3,0.0,0,0.100661857142857,0.0218372073514568,0.232258,0.0468860285426266,0.0,0.00011622582324516756
12.333333333333334,12.33,0.0,0,0.101624214285714,0.0212011236191917,0.230595666666667,0.0482693676428321,0.0,0.00010877760053806518
12.366666666666667,12.37,0.0,0,0.0970832142857143,0.0216869336316276,0.214015,0.0452407166094143,0.0,0.00010181712504211423
12.4,12.4,0.0,0,0.0979329285714286,0.0212329741806124,0.211247,0.0439588838205658,0.0,9.531162255843045e-05
12.433333333333334,12.43,0.0,0,0.0946187857142857,0.0203784974168606,0.202793333333333,0.0432754812310363,0.0,8.923058849883638e-05
12.466666666666667,12.47,0.0,0,0.0899295,0.0194885280224231,0.221891,0.0434026400982705,0.0,8.35456252166953e-05
12.5,12.5,0.0,0,0.0918623571428572,0.019942302404524,0.215145111111111,0.0426159637767757,0.0,7.823029145123014e-05
12.533333333333333,12.53,0.0,0,0.0887802857142857,0.0196637926121799,0.226141444444444,0.0444210812406274,0.0,7.325996294516993e-05
12.566666666666666,12.57,0.0,0,0.090394,0.0208005339692661,0.215350888888889,0.0435986029409342,0.0,6.86117033717802e-05
12.6,12.6,0.0,0,0.090309,0.0211730028636407,0.212746777777778,0.0456498839215324,0.0,6.42641447770874e-05
12.633333333333333,12.63,0.0,0,0.090729,0.0217052222001582,0.207173111111111,0.0456113265423928,0.0,6.01973768069744e-05
12.666666666666666,12.67,0.0,0,0.0903027142857143,0.0222184315586809,0.210341888888889,0.0459269759492793,0.0,5.639284404732205e-05
12.7,12.7,0.0,0,0.0889657142857143,0.0216120106756468,0.200969666666667,0.0432844463410999,0.0,5.283325085897413e-05
12.733333333333333,12.73,0.0,0,0.0915025,0.0206983398027634,0.209577555555556,0.0432779720836103,0.0,4.950247313843712e-05
12.766666666666666,12.77,0.0,0,0.0929882857142857,0.0201168110346176,0.213080888888889,0.044474101503773,0.0,4.638547648028156e-05
12.8,12.8,0.0,0,0.0991317857142857,0.0204637406539326,0.218947888888889,0.0472208255755882,0.0,4.3468240258542395e-05
12.833333333333334,12.83,0.0,0,0.0984283571428571,0.01960725022402,0.213602777777778,0.0466624637609699,0.0,4.0737687182342726e-05
12.866666666666667,12.87,0.0,0,0.0991329285714286,0.0202168701704447,0.226736333333333,0.0461600071815419,0.0,3.8181617915782594e-05
12.9,12.9,0.0,0,0.100064285714286,0.0202097529187686,0.211039333333333,0.0436758703242801,0.0,3.578865038410682e-05
12.933333333333334,12.93,0.0,0,0.0955307142857143,0.0199829135753712,0.215475111111111,0.04467951802605,0.0,3.354816341753756e-05
12.966666666666667,12.97,0.0,0,0.0955289285714286,0.0199633938473948,0.200383666666667,0.0459742710714977,0.0,3.145024441114796e-05
13.0,13.0,0.0,0,0.0943785,0.0197240678114384,0.218509111111111,0.0481388271889071,0.0,2.9485640703965126e-05
13.033333333333333,13.03,0.0,0,0.0934866428571428,0.0199037847606399,0.216688555555556,0.0488307956636176,0.0,2.7645714403307305e-05
13.066666666666666,13.07,0.0,0,0.0949095,0.0195229462255809,0.210730333333333,0.0465628415068759,0.0,2.5922400401348155e-05
13.1,13.1,0.0,0,0.0928782142857143,0.0192789876843633,0.203932444444444,0.0437536903713755,0.0,2.4308167350214624e-05
13.133333333333333,13.13,0.0,0,0.0938162857142857,0.0199158865005706,0.195404,0.0438970488665747,0.0,2.2795981379702232e-05
13.166666666666666,13.17,0.0,0,0.0895295714285714,0.0202237214319546,0.187002222222222,0.0421718510982075,0.0,2.13792723580609e-05
13.2,13.2,0.0,0,0.0886807142857143,0.0189175854401092,0.193342333333333,0.0435362429626806,0.0,2.0051902511381382e-05
13.233333333333333,13.23,0.0,0,0.0844182857142857,0.0172995967619361,0.194345888888889,0.042247649388406,0.0,1.8808137231004047e-05
13.266666666666666,13.27,0.0,0,0.0829789285714286,0.0172589313389082,0.215204,0.0434268799247655,0.0,1.7642617911174466e-05
13.299999999999999,13.3,0.0,0,0.0802863571428571,0.0176960130064756,0.208820888888889,0.0455676961568184,0.0,1.6550336670973542e-05
13.333333333333334,13.33,0.0,0,0.0823727857142857,0.0173123461777365,0.206889111111111,0.0445041246953722,0.0,1.5526612825435055e-05
13.366666666666667,13.37,0.0,0,0.0851810714285714,0.0178832906578279,0.190887,0.0434626802575114,0.0,1.4567070980804226e-05
13.4,13.4,0.0,0,0.0831860714285715,0.0171969575128105,0.192731111111111,0.0414877531623103,0.0,1.3667620638156441e-05
13.433333333333334,13.43,0.0,0,0.0822535,0.0177469471182857,0.176041666666667,0.042203929504056,0.0,1.2824437198147061e-05
13.466666666666667,13.47,0.0,0,0.0796635,0.017561639158129,0.191305111111111,0.0427021153666902,0.0,1.2033944267558926e-05
13.5,13.5,0.0,0,0.0790072142857143,0.0174146806870104,0.195369333333333,0.0455175905044779,0.0,1.1292797175606174e-05
13.533333333333333,13.53,0.0,0,0.0808834285714286,0.0164367955811004,0.184454222222222,0.0405450863377144,0.0,1.0597867614689044e-05
13.566666666666666,13.57,0.0,0,0.0793100714285714,0.0154313352995125,0.171541666666667,0.0375029576726215,0.0,9.946229326518891e-06
13.6,13.6,0.0,0,0.0789875,0.0158644083128912,0.165395444444444,0.0407090734436683,0.0,9.335144760285728e-06
13.633333333333333,13.63,0.0,0,0.0771871428571429,0.0154966088721659,0.175651,0.0393714531651212,0.0,8.762052634859724e-06
13.666666666666666,13.67,0.0,0,0.0782584285714286,0.0168400468391959,0.180388444444444,0.04073385852468,0.0,8.224556341936867e-06
13.7,13.7,0.0,0,0.0769827142857143,0.0153327316249138,0.177367888888889,0.0406399580692876,0.0,7.720413131589166e-06
13.733333333333333,13.73,0.0,0,0.0766670714285714,0.0149703460622954,0.196266222222222,0.046506210121092,0.0,7.247524025889606e-06
13.766666666666666,13.77,0.0,0,0.0810544285714286,0.0159638506494298,0.186750333333333,0.0474427662686549,0.0,6.8039244101784415e-06
13.799999999999999,13.8,0.0,0,0.0807589285714286,0.0163239276811424,0.186628,0.0448732736644109,0.0,6.3877752551440614e-06
13.833333333333334,13.83,0.0,0,0.0807303571428571,0.015956446648425,0.180993,0.0436752408996091,0.0,5.997354926231592e-06
13.866666666666667,13.87,0.0,0,0.0792068571428572,0.0172254773362008,0.183775555555556,0.0465016327712477,0.0,5.631051539985338e-06
13.9,13.9,0.0,0,0.0790412142857143,0.0171694213539169,0.172492555555556,0.0451395165425764,0.0,5.28735582979674e-06
13.933333333333334,13.93,0.0,0,0.0780245,0.0174313243142597,0.168485666666667,0.0474182675019753,0.0,4.96485448618464e-06
13.966666666666667,13.97,0.0,0,0.0755232142857143,0.0168513528544132,0.164898333333333,0.0447802117303069,0.0,4.66222393919551e-06
14.0,14.0,0.0,0,0.0796075714285714,0.0164549363456598,0.172083111111111,0.0432418600035648,0.0,4.378224552792584e-06
14.033333333333333,14.03,0.0,0,0.0762075714285714,0.0168486986091222,0.177649,0.0441872863005991,0.0,4.111695203218229e-06
14.066666666666666,14.07,0.0,0,0.0752176428571428,0.0166345823567199,0.177194555555556,0.0439662828629038,0.0,3.861548215275693e-06
14.1,14.1,0.0,0,0.073391,0.0164167711124399,0.167284111111111,0.0428740331100709,0.0,3.626764632296375e-06
14.133333333333333,14.13,0.0,0,0.0810917142857143,0.016605469842706,0.165414777777778,0.0442554306999522,0.0,3.4063897972474e-06
14.166666666666666,14.17,0.0,0,0.080566,0.015885776607663,0.161817555555556,0.0430912771909528,0.0,3.199529224001454e-06
14.2,14.2,0.0,0,0.0806321428571428,0.0150184151271862,0.176132777777778,0.0464177950322987,0.0,3.0053447392455854e-06
14.233333333333333,14.23,0.0,0,0.0786361428571429,0.0143676726861386,0.168895666666667,0.0436072329398079,0.0,2.8230508768563196e-06
14.266666666666666,14.27,0.0,0,0.0774189285714286,0.0145826384848876,0.162247111111111,0.0430755512041358,0.0,2.6519115078226993e-06
14.299999999999999,14.3,0.0,0,0.0762449285714286,0.0150943172956079,0.150686777777778,0.0396438835879921,0.0,2.49123668996387e-06
14.333333333333334,14.33,0.0,0,0.0757249285714286,0.0149834743034753,0.147384111111111,0.0395411785222572,0.0,2.3403797227701215e-06
14.366666666666667,14.37,0.0,0,0.0699232142857143,0.0159782626306576,0.134357666666667,0.0371340571862423,0.0,2.1987343937019565e-06
14.4,14.4,0.0,0,0.0709928571428572,0.0163858128614451,0.142624777777778,0.037071053575749,0.0,2.065732403216424e-06
14.433333333333334,14.43,0.0,0,0.0667494285714286,0.0155826898458522,0.149986777777778,0.0337989234192361,0.0,1.9408409566587393e-06
14.466666666666667,14.47,0.0,0,0.0731917142857143,0.0147017354849163,0.170390777777778,0.0407150358200402,0.0,1.8235605119649692e-06
14.5,14.5,0.0,0,0.0720604285714286,0.0137995505022009,0.162048222222222,0.041880661209288,0.0,1.7134226728727174e-06
14.533333333333333,14.53,0.0,0,0.0719478571428571,0.0139876611099962,0.148612222222222,0.0443076172253516,0.0,1.609988218035313e-06
14.566666666666666,14.57,0.0,0,0.0711415714285714,0.0144456474652114,0.144872,0.0433376093813317,0.0,1.5128452570849435e-06
14.6,14.6,0.0,0,0.0726687857142857,0.0157041633225493,0.143588,0.0472422439469051,0.0,1.4216075052947673e-06
14.633333333333333,14.63,0.0,0,0.0740717857142857,0.0168235005543752,0.142145111111111,0.0444503984891663,0.0,1.3359126690527688e-06
14.666666666666666,14.67,0.0,0,0.0712287857142857,0.0179533935018629,0.155162444444444,0.0441951605187815,0.0,1.2554209348837823e-06
14.7,14.7,0.0,0,0.0723506428571429,0.0181800414836527,0.144238888888889,0.0419956750463149,0.0,1.179813555243658e-06
14.733333333333333,14.73,0.0,0,0.0713039285714286,0.0174086218699728,0.158833222222222,0.043015201665541,0.0,1.1087915247634088e-06
14.766666666666666,14.77,0.0,0,0.0722792857142857,0.0174033683102775,0.146409111111111,0.0398426521573177,0.0,1.0420743410438822e-06
14.799999999999999,14.8,0.0,0,0.0751764285714286,0.0157077899218073,0.158807888888889,0.0392971880576024,0.0,9.79398844495147e-07
14.833333333333334,14.83,0.0,0,0.0738143571428571,0.0159011259234384,0.15573,0.0399836410377906,0.0,9.20518132081487e-07
14.866666666666667,14.87,0.0,0,0.0746813571428571,0.0151014877600557,0.145750222222222,0.0441377015457741,0.0,8.652005401745457e-07
14.9,14.9,0.0,0,0.0682129285714286,0.0145472270411759,0.150360333333333,0.0398216604172765,0.0,8.132286920354938e-07
14.933333333333334,14.93,0.0,0,0.0711822142857143,0.016370182797243,0.152631777777778,0.0403788958952081,0.0,7.643986057437814e-07
14.966666666666667,14.97,0.0,0,0.0702210714285714,0.0164539870045458,0.148359444444444,0.0383907181762261,0.0,7.185188586665706e-07
15.0,15.0,0.0,0,0.0698410714285714,0.0170013113558422,0.154316555555556,0.0435322831311912,0.0,6.75409804820728e-07
15.033333333333333,15.03,0.0,0,0.0701774285714286,0.0164621535315997,0.150391888888889,0.0416332016075593,0.0,6.349028417196303e-07
15.066666666666666,15.07,0.0,0,0.0681889285714286,0.0180720921760732,0.143544,0.0426539928054807,0.0,5.968397235211562e-07
15.1,15.1,0.0,0,0.0710855,0.018777361647681,0.128389333333333,0.0395469396501732,0.0,5.610719175022955e-07
15.133333333333333,15.13,0.0,0,0.0704354285714286,0.0198912103482352,0.133885222222222,0.0374290452770965,0.0,5.274600010807789e-07
15.166666666666666,15.17,0.0,0,0.0712312857142857,0.0192180228921664,0.138117777777778,0.0382381656426671,0.0,4.958730967860429e-07
15.2,15.2,0.0,0,0.0678376428571429,0.0185628898300302,0.153365444444444,0.0392537270941354,0.0,4.66188342751568e-07
15.233333333333333,15.23,0.0,0,0.069206,0.0177227378308144,0.140761666666667,0.0372962597703994,0.0,4.3829039645900503e-07
15.266666666666666,15.27,0.0,0,0.074364,0.0157246555377286,0.138082,0.0407078739615842,0.0,4.1207096961231755e-07
15.299999999999999,15.3,0.0,0,0.0680052857142857,0.0157541947183755,0.138618666666667,0.0409016749358209,0.0,3.874283921581403e-07
15.333333333333334,15.33,0.0,0,0.06752,0.0147539159398595,0.131960777777778,0.0439302816102394,0.0,3.6426720359735197e-07
15.366666666666667,15.37,0.0,0,0.0621733571428571,0.0150072402301474,0.130236777777778,0.0386438284237448,0.0,3.4249776985311407e-07
15.4,15.4,0.0,0,0.0649157857142857,0.0148152052298293,0.131211666666667,0.0416065989738006,0.0,3.220359240729174e-07
15.433333333333334,15.43,0.0,0,0.0641315714285714,0.0145006132336087,0.138024666666667,0.0407889603790726,0.0,3.028026298470435e-07
15.466666666666667,15.47,0.0,0,0.0611873571428572,0.0148562195450763,0.141792222222222,0.0418536024301698,0.0,2.847236654237912e-07
15.5,15.5,0.0,0,0.0586746428571429,0.0156971184772935,0.125288222222222,0.0373520263226842,0.0,2.6772932759331103e-07
15.533333333333333,15.53,0.0,0,0.0589542142857143,0.0174521945725335,0.121761555555556,0.0366387318391462,0.0,2.517541539973626e-07
15.566666666666666,15.57,0.0,0,0.0623125,0.0157646259181089,0.125814777777778,0.037849832651464,0.0,2.3673666270217091e-07
15.6,15.6,0.0,0,0.0639077857142857,0.0160085253317932,0.138225777777778,0.0393815533882503,0.0,2.2261910794618197e-07
15.633333333333333,15.63,0.0,0,0.065702,0.0160309519734738,0.121118666666667,0.0384009110532839,0.0,2.0934725104426045e-07
15.666666666666666,15.67,0.0,0,0.0649397857142857,0.0152258877429988,0.131187555555556,0.0380789316840366,0.0,1.9687014549505363e-07
15.7,15.7,0.0,0,0.0650587857142857,0.0164287007322312,0.124659,0.0370573391846264,0.0,1.8513993539917865e-07
15.733333333333333,15.73,0.0,0,0.0648706428571429,0.0145159848044091,0.126305888888889,0.0382899268699588,0.0,1.7411166635285068e-07
15.766666666666666,15.77,0.0,0,0.0614852142857143,0.0137818239614813,0.118865666666667,0.0364653763974205,0.0,1.637431080348268e-07
15.799999999999999,15.8,0.0,0,0.0608876428571429,0.0140754944174116,0.119429555555556,0.0367898265244283,0.0,1.5399458775433962e-07
15.833333333333334,15.83,0.0,0,0.0619651428571428,0.0142892584550855,0.115032222222222,0.0379170311190462,0.0,1.4482883427426258e-07
15.866666666666667,15.87,0.0,0,0.0654304285714286,0.0147608992640954,0.127688777777778,0.0408930584613961,0.0,1.3621083126730475e-07
15.9,15.9,0.0,0,0.0651279285714286,0.0135234460838621,0.118406111111111,0.0372670056128163,0.0,1.2810767980376986e-07
15.933333333333334,15.93,0.0,0,0.0639865714285714,0.0137939479226784,0.126119333333333,0.0368346843613462,0.0,1.2048846930752303e-07
15.966666666666667,15.97,0.0,0,0.0640700714285714,0.0136217438591152,0.123549222222222,0.0367498523435347,0.0,1.1332415645246065e-07
16.0,16.0,0.0,0,0.0663727142857143,0.0149147509140745,0.130908888888889,0.0415753869035396,0.0,1.0658745150513373e-07
16.03333333333333,16.03,0.0,0,0.0643684285714286,0.0157379163839039,0.122616333333333,0.0407180028781974,0.0,1.0025271165038984e-07
16.066666666666666,16.07,0.0,0,0.0649835714285714,0.0169401907366671,0.127180111111111,0.0387160181164092,0.0,9.429584086610323e-08
16.1,16.1,0.0,0,0.0635295714285714,0.0179920685763533,0.119807111111111,0.0388692535825928,0.0,8.869419594040216e-08
16.133333333333333,16.13,0.0,0,0.0614473571428571,0.0182379366662415,0.140398666666667,0.043170972969243,0.0,8.342649825038481e-08
16.166666666666668,16.17,0.0,0,0.0608381428571429,0.0191256351838375,0.134440888888889,0.0385367034532032,0.0,7.847275094526633e-08
16.2,16.2,0.0,0,0.066787,0.0175222086899348,0.127969333333333,0.0369600356007825,0.0,7.381416119931863e-08
16.233333333333334,16.23,0.0,0,0.0651316428571429,0.0157280408913951,0.121927222222222,0.0328216259871182,0.0,6.943306722095527e-08
16.266666666666666,16.27,0.0,0,0.0646073571428572,0.0146190604381603,0.125996555555556,0.0403662721980833,0.0,6.531286972396576e-08
16.3,16.3,0.0,0,0.0632306428571429,0.0149393578776961,0.123353555555556,0.0349633313956331,0.0,6.143796758530747e-08
16.333333333333332,16.33,0.0,0,0.0655451428571429,0.0161070896638092,0.128213666666667,0.0359977485449515,0.0,5.779369743109566e-08
16.366666666666667,16.37,0.0,0,0.0696165714285714,0.0152286897644517,0.124881444444444,0.0370874674164224,0.0,5.436627690857253e-08
16.4,16.4,0.0,0,0.0695888571428571,0.0160195455320485,0.128917777777778,0.0372971883129195,0.0,5.1142751416952207e-08
16.433333333333334,16.43,0.0,0,0.0693986428571429,0.0162662865436079,0.119370222222222,0.0375628148072509,0.0,4.81109440841985e-08
16.466666666666665,16.47,0.0,0,0.0707429285714286,0.0172110108145294,0.127296444444444,0.0385261531578482,0.0,4.5259408790056025e-08
16.5,16.5,0.0,0,0.0703587142857143,0.0173058379457543,0.108897444444444,0.0364578858228196,0.0,4.2577386048081324e-08
16.53333333333333,16.53,0.0,0,0.0671589285714286,0.0166820438230749,0.113996,0.040216558746229,0.0,4.0054761571063105e-08
16.566666666666666,16.57,0.0,0,0.065922,0.0168821043936543,0.108188666666667,0.0405541607188598,0.0,3.7682027355128514e-08
16.6,16.6,0.0,0,0.0646759285714286,0.0196792712133508,0.119514888888889,0.0413693232740304,0.0,3.545024512805447e-08
